Transaction_ID,Order_Date,Region,Category,Product,Customer_ID,Quantity,Unit_Price,Discount,Revenue,Cost,Profit
TXN-00090,2025-01-01,East,Furniture,Bookshelf,CUST-0035,3,247.58,0.15,631.33,481.52,149.81
TXN-00399,2025-01-02,South,Furniture,Bookshelf,CUST-0094,1,472.77,0.05,449.13,267.72,181.41
TXN-00100,2025-01-02,North,Office Supplies,Notebook,CUST-0137,4,34.14,0.15,116.08,83.41,32.67
TXN-00375,2025-01-03,West,Electronics,Laptop,CUST-0061,5,602.59,0.1,2711.66,1986.44,725.22
TXN-00388,2025-01-04,East,Furniture,Filing Cabinet,CUST-0046,6,145.07,0.1,783.38,580.33,203.05
TXN-00240,2025-01-04,South,Electronics,Tablet,CUST-0145,6,439.47,0.15,2241.3,1800.53,440.77
TXN-00134,2025-01-04,North,Office Supplies,Notebook,CUST-0084,1,57.95,0.05,55.05,41.76,13.29
TXN-00563,2025-01-05,East,Furniture,Filing Cabinet,CUST-0099,5,212.81,0.1,957.64,723.31,234.33
TXN-00057,2025-01-05,East,Accessories,Mouse,CUST-0059,6,113.03,0.1,610.36,400.46,209.9
TXN-00085,2025-01-05,East,Furniture,Office Chair,CUST-0136,6,126.47,0.15,645.0,442.22,202.78
TXN-00073,2025-01-06,West,Furniture,Filing Cabinet,CUST-0070,2,289.26,0.0,578.52,334.08,244.44
TXN-00688,2025-01-06,West,Office Supplies,Pen Set,CUST-0017,5,59.38,0.15,252.36,148.45,103.91
TXN-00305,2025-01-06,North,Accessories,USB Hub,CUST-0070,5,145.87,0.1,656.42,430.48,225.94
TXN-00133,2025-01-07,North,Office Supplies,Notebook,CUST-0029,6,26.18,0.05,149.23,93.1,56.13
TXN-00509,2025-01-07,East,Electronics,Tablet,CUST-0127,6,243.47,0.0,1460.82,878.07,582.75
TXN-00233,2025-01-08,North,Accessories,USB Hub,CUST-0046,3,156.38,0.0,469.14,359.82,109.32
TXN-00469,2025-01-08,North,Accessories,Webcam,CUST-0016,4,164.82,0.05,626.32,373.58,252.74
TXN-00382,2025-01-08,North,Accessories,Headset,CUST-0045,6,128.96,0.1,696.38,422.73,273.65
TXN-00522,2025-01-09,East,Office Supplies,Pen Set,CUST-0113,2,32.29,0.05,61.35,50.17,11.18
TXN-00137,2025-01-12,South,Office Supplies,Pen Set,CUST-0050,3,70.54,0.1,190.46,128.08,62.38
TXN-00601,2025-01-13,West,Furniture,Office Chair,CUST-0126,1,318.67,0.0,318.67,219.86,98.81
TXN-00292,2025-01-13,South,Electronics,Laptop,CUST-0100,4,792.25,0.15,2693.65,1952.58,741.07
TXN-00397,2025-01-13,North,Office Supplies,Printer Paper,CUST-0017,2,24.71,0.0,49.42,31.87,17.55
TXN-00381,2025-01-13,North,Furniture,Office Chair,CUST-0148,1,466.95,0.15,396.91,281.97,114.94
TXN-00514,2025-01-14,West,Office Supplies,Printer Paper,CUST-0022,2,50.87,0.0,101.74,67.24,34.5
TXN-00285,2025-01-14,South,Accessories,Headset,CUST-0012,4,34.79,0.1,125.24,95.1,30.14
TXN-00749,2025-01-15,North,Accessories,USB Hub,CUST-0148,2,117.16,0.0,234.32,147.15,87.17
TXN-00480,2025-01-15,East,Furniture,Desk,CUST-0113,1,300.46,0.15,255.39,198.54,56.85
TXN-00715,2025-01-15,North,Office Supplies,Printer Paper,CUST-0124,7,77.1,0.0,539.7,442.34,97.36
TXN-00443,2025-01-16,South,Office Supplies,Notebook,CUST-0140,7,48.05,0.05,319.53,220.91,98.62
TXN-00040,2025-01-16,West,Accessories,Webcam,CUST-0033,2,109.95,0.05,208.9,147.23,61.67
TXN-00234,2025-01-16,North,Office Supplies,Notebook,CUST-0128,7,31.26,0.05,207.88,138.33,69.55
TXN-00418,2025-01-17,South,Furniture,Office Chair,CUST-0143,1,230.5,0.05,218.98,142.96,76.02
TXN-00597,2025-01-17,West,Furniture,Bookshelf,CUST-0003,5,83.1,0.05,394.72,321.16,73.56
TXN-00104,2025-01-17,North,Electronics,Monitor,CUST-0098,2,698.55,0.1,1257.39,988.25,269.14
TXN-00110,2025-01-17,South,Electronics,Tablet,CUST-0118,1,313.3,0.0,313.3,236.52,76.78
TXN-00482,2025-01-18,South,Electronics,Tablet,CUST-0111,6,385.85,0.15,1967.84,1300.57,667.27
TXN-00445,2025-01-19,South,Office Supplies,Pen Set,CUST-0049,2,31.35,0.0,62.7,50.46,12.24
TXN-00307,2025-01-19,East,Office Supplies,Printer Paper,CUST-0107,6,67.72,0.0,406.32,327.01,79.31
TXN-00716,2025-01-19,East,Furniture,Filing Cabinet,CUST-0103,5,177.69,0.05,844.03,481.4,362.63
TXN-00577,2025-01-19,North,Accessories,Webcam,CUST-0041,1,71.6,0.05,68.02,45.8,22.22
TXN-00603,2025-01-20,North,Furniture,Desk,CUST-0070,1,205.14,0.1,184.63,106.84,77.79
TXN-00122,2025-01-20,South,Electronics,Laptop,CUST-0013,3,465.29,0.15,1186.49,801.01,385.48
TXN-00053,2025-01-20,North,Furniture,Bookshelf,CUST-0012,1,203.69,0.1,183.32,145.43,37.89
TXN-00157,2025-01-20,South,Electronics,Laptop,CUST-0020,7,341.78,0.1,2153.21,1208.43,944.78
TXN-00657,2025-01-20,East,Electronics,Monitor,CUST-0001,4,672.79,0.0,2691.16,2075.4,615.76
TXN-00702,2025-01-20,West,Electronics,Keyboard,CUST-0044,3,556.35,0.15,1418.69,798.58,620.11
TXN-00747,2025-01-20,West,Electronics,Monitor,CUST-0034,5,219.39,0.05,1042.1,708.84,333.26
TXN-00628,2025-01-21,West,Accessories,USB Hub,CUST-0073,7,86.11,0.15,512.35,360.57,151.78
TXN-00270,2025-01-21,West,Office Supplies,Stapler,CUST-0017,4,18.02,0.1,64.87,49.98,14.89
TXN-00196,2025-01-21,South,Electronics,Laptop,CUST-0010,1,253.55,0.15,215.52,133.36,82.16
TXN-00361,2025-01-22,South,Accessories,Webcam,CUST-0045,1,176.98,0.05,168.13,109.52,58.61
TXN-00135,2025-01-22,East,Office Supplies,Stapler,CUST-0006,1,60.65,0.0,60.65,43.81,16.84
TXN-00003,2025-01-22,North,Accessories,Mouse,CUST-0051,1,175.67,0.1,158.1,106.42,51.68
TXN-00329,2025-01-22,East,Electronics,Laptop,CUST-0072,7,405.26,0.1,2553.14,1412.61,1140.53
TXN-00277,2025-01-22,North,Furniture,Bookshelf,CUST-0035,3,136.46,0.05,388.91,248.91,140.0
TXN-00621,2025-01-24,West,Accessories,Mouse,CUST-0055,1,110.67,0.1,99.6,76.0,23.6
TXN-00523,2025-01-24,West,Office Supplies,Stapler,CUST-0126,3,24.12,0.0,72.36,56.91,15.45
TXN-00431,2025-01-25,South,Furniture,Desk,CUST-0010,1,223.03,0.1,200.73,143.05,57.68
TXN-00109,2025-01-25,East,Office Supplies,Stapler,CUST-0049,2,27.59,0.1,49.66,31.53,18.13
TXN-00188,2025-01-25,East,Accessories,Mouse,CUST-0060,4,169.51,0.15,576.33,385.37,190.96
TXN-00642,2025-01-26,East,Furniture,Bookshelf,CUST-0016,2,257.53,0.1,463.55,288.64,174.91
TXN-00161,2025-01-26,West,Office Supplies,Pen Set,CUST-0142,1,57.65,0.1,51.88,41.71,10.17
TXN-00574,2025-01-27,West,Accessories,USB Hub,CUST-0124,6,28.73,0.0,172.38,141.2,31.18
TXN-00590,2025-01-27,West,Furniture,Bookshelf,CUST-0146,7,182.54,0.05,1213.89,789.58,424.31
TXN-00294,2025-01-28,West,Furniture,Desk,CUST-0053,1,200.71,0.05,190.67,145.13,45.54
TXN-00250,2025-01-28,West,Furniture,Filing Cabinet,CUST-0087,5,190.32,0.0,951.6,653.46,298.14
TXN-00487,2025-01-28,East,Accessories,Mouse,CUST-0126,6,83.61,0.15,426.41,312.33,114.08
TXN-00262,2025-01-30,West,Accessories,Headset,CUST-0057,3,31.31,0.1,84.54,59.79,24.75
TXN-00496,2025-02-03,North,Electronics,Laptop,CUST-0030,6,604.55,0.1,3264.57,1946.97,1317.6
TXN-00080,2025-02-04,North,Accessories,USB Hub,CUST-0005,6,138.83,0.15,708.03,420.7,287.33
TXN-00626,2025-02-04,West,Furniture,Desk,CUST-0107,4,123.96,0.15,421.46,279.99,141.47
TXN-00351,2025-02-04,East,Furniture,Office Chair,CUST-0029,6,451.44,0.05,2573.21,1720.41,852.8
TXN-00247,2025-02-04,East,Accessories,Headset,CUST-0137,2,51.34,0.15,87.28,50.71,36.57
TXN-00044,2025-02-05,South,Electronics,Tablet,CUST-0030,7,850.15,0.0,5951.05,3655.87,2295.18
TXN-00177,2025-02-05,West,Electronics,Laptop,CUST-0060,4,318.14,0.15,1081.68,724.13,357.55
TXN-00171,2025-02-05,West,Accessories,Headset,CUST-0118,7,33.53,0.0,234.71,167.22,67.49
TXN-00737,2025-02-06,East,Office Supplies,Printer Paper,CUST-0030,5,64.63,0.0,323.15,261.63,61.52
TXN-00346,2025-02-06,East,Accessories,Headset,CUST-0061,2,48.18,0.05,91.54,62.77,28.77
TXN-00414,2025-02-06,West,Office Supplies,Notebook,CUST-0011,6,50.83,0.15,259.23,185.76,73.47
TXN-00591,2025-02-07,East,Office Supplies,Notebook,CUST-0004,3,51.17,0.05,145.83,93.91,51.92
TXN-00079,2025-02-07,East,Office Supplies,Printer Paper,CUST-0076,7,77.48,0.15,461.01,376.9,84.11
TXN-00685,2025-02-08,East,Office Supplies,Pen Set,CUST-0138,3,47.59,0.0,142.77,104.47,38.3
TXN-00660,2025-02-08,North,Furniture,Filing Cabinet,CUST-0015,6,447.4,0.15,2281.74,1634.57,647.17
TXN-00610,2025-02-08,East,Furniture,Desk,CUST-0103,2,425.17,0.1,765.31,532.34,232.97
TXN-00241,2025-02-08,North,Office Supplies,Pen Set,CUST-0120,5,70.94,0.1,319.23,185.14,134.09
TXN-00341,2025-02-10,South,Furniture,Filing Cabinet,CUST-0110,5,163.69,0.1,736.6,411.0,325.6
TXN-00619,2025-02-11,East,Furniture,Filing Cabinet,CUST-0125,1,134.54,0.0,134.54,76.81,57.73
TXN-00585,2025-02-11,East,Accessories,Mouse,CUST-0117,1,138.54,0.0,138.54,113.43,25.11
TXN-00524,2025-02-11,South,Electronics,Tablet,CUST-0022,6,223.36,0.0,1340.16,1042.6,297.56
TXN-00748,2025-02-12,South,Furniture,Desk,CUST-0050,6,105.17,0.0,631.02,416.06,214.96
TXN-00532,2025-02-12,East,Electronics,Laptop,CUST-0149,5,405.87,0.05,1927.88,1418.88,509.0
TXN-00422,2025-02-13,West,Accessories,Mouse,CUST-0128,5,73.56,0.0,367.8,255.09,112.71
TXN-00230,2025-02-13,North,Furniture,Filing Cabinet,CUST-0011,3,355.85,0.1,960.8,642.86,317.94
TXN-00421,2025-02-13,East,Office Supplies,Stapler,CUST-0122,7,13.53,0.15,80.5,59.08,21.42
TXN-00295,2025-02-13,East,Electronics,Monitor,CUST-0131,6,354.16,0.05,2018.71,1335.75,682.96
TXN-00722,2025-02-15,North,Office Supplies,Notebook,CUST-0063,1,33.65,0.1,30.28,19.79,10.49
TXN-00056,2025-02-15,East,Electronics,Monitor,CUST-0109,2,479.98,0.05,911.96,714.83,197.13
TXN-00242,2025-02-15,South,Furniture,Filing Cabinet,CUST-0088,5,239.77,0.15,1019.02,565.41,453.61
TXN-00303,2025-02-16,East,Electronics,Monitor,CUST-0015,2,676.87,0.15,1150.68,674.59,476.09
TXN-00077,2025-02-16,North,Furniture,Desk,CUST-0010,6,144.83,0.0,868.98,564.57,304.41
TXN-00093,2025-02-18,East,Electronics,Keyboard,CUST-0141,1,287.04,0.0,287.04,181.09,105.95
TXN-00201,2025-02-18,West,Furniture,Filing Cabinet,CUST-0140,6,483.13,0.05,2753.84,2108.49,645.35
TXN-00228,2025-02-18,West,Accessories,Webcam,CUST-0079,5,100.7,0.15,427.98,249.98,178.0
TXN-00629,2025-02-18,North,Furniture,Filing Cabinet,CUST-0041,6,367.97,0.1,1987.04,1521.3,465.74
TXN-00572,2025-02-18,South,Furniture,Bookshelf,CUST-0126,6,198.57,0.0,1191.42,877.8,313.62
TXN-00491,2025-02-19,West,Accessories,Webcam,CUST-0077,6,47.3,0.15,241.23,172.41,68.82
TXN-00006,2025-02-19,West,Accessories,Headset,CUST-0014,6,174.98,0.05,997.39,669.68,327.71
TXN-00218,2025-02-20,North,Office Supplies,Printer Paper,CUST-0005,3,68.62,0.0,205.86,137.41,68.45
TXN-00547,2025-02-20,West,Office Supplies,Pen Set,CUST-0143,3,14.35,0.1,38.74,28.42,10.32
TXN-00060,2025-02-20,North,Electronics,Keyboard,CUST-0118,6,812.32,0.1,4386.53,3207.98,1178.55
TXN-00098,2025-02-20,North,Accessories,Webcam,CUST-0142,2,148.13,0.15,251.82,165.51,86.31
TXN-00555,2025-02-20,South,Accessories,USB Hub,CUST-0057,5,94.78,0.1,426.51,324.75,101.76
TXN-00026,2025-02-20,South,Accessories,Webcam,CUST-0048,3,96.27,0.0,288.81,176.8,112.01
TXN-00089,2025-02-20,North,Furniture,Filing Cabinet,CUST-0057,1,269.35,0.05,255.88,153.61,102.27
TXN-00386,2025-02-21,East,Electronics,Keyboard,CUST-0110,3,889.42,0.1,2401.43,1838.39,563.04
TXN-00169,2025-02-21,South,Office Supplies,Notebook,CUST-0132,7,14.45,0.05,96.09,59.92,36.17
TXN-00162,2025-02-22,West,Electronics,Laptop,CUST-0013,2,430.97,0.0,861.94,568.76,293.18
TXN-00608,2025-02-22,East,Furniture,Office Chair,CUST-0093,7,487.19,0.1,3069.3,2297.98,771.32
TXN-00639,2025-02-22,South,Office Supplies,Pen Set,CUST-0085,2,59.48,0.05,113.01,74.89,38.12
TXN-00433,2025-02-23,East,Office Supplies,Pen Set,CUST-0048,1,60.64,0.0,60.64,46.24,14.4
TXN-00367,2025-02-23,West,Accessories,USB Hub,CUST-0080,3,158.33,0.05,451.24,309.96,141.28
TXN-00283,2025-02-24,East,Furniture,Office Chair,CUST-0019,7,174.93,0.0,1224.51,744.44,480.07
TXN-00096,2025-02-24,East,Office Supplies,Pen Set,CUST-0135,2,37.43,0.15,63.63,49.42,14.21
TXN-00069,2025-02-25,South,Furniture,Desk,CUST-0003,4,274.26,0.15,932.48,546.38,386.1
TXN-00403,2025-02-25,South,Furniture,Desk,CUST-0088,6,427.28,0.1,2307.31,1529.79,777.52
TXN-00525,2025-02-25,East,Office Supplies,Notebook,CUST-0129,4,11.08,0.05,42.1,24.04,18.06
TXN-00289,2025-02-25,West,Office Supplies,Notebook,CUST-0023,1,35.91,0.15,30.52,22.36,8.16
TXN-00663,2025-02-26,East,Electronics,Monitor,CUST-0033,6,561.07,0.05,3198.1,2182.33,1015.77
TXN-00036,2025-02-27,South,Electronics,Tablet,CUST-0069,2,352.65,0.0,705.3,569.75,135.55
TXN-00398,2025-02-27,West,Furniture,Bookshelf,CUST-0016,5,336.18,0.0,1680.9,1136.92,543.98
TXN-00623,2025-02-28,North,Office Supplies,Printer Paper,CUST-0069,7,50.75,0.1,319.73,254.55,65.18
TXN-00337,2025-02-28,West,Furniture,Office Chair,CUST-0149,4,124.48,0.05,473.02,380.09,92.93
TXN-00534,2025-03-03,East,Accessories,Mouse,CUST-0022,6,100.35,0.0,602.1,386.9,215.2
TXN-00636,2025-03-03,East,Furniture,Filing Cabinet,CUST-0041,1,460.56,0.05,437.53,248.92,188.61
TXN-00009,2025-03-04,East,Office Supplies,Notebook,CUST-0072,3,74.69,0.15,190.46,149.14,41.32
TXN-00435,2025-03-04,West,Accessories,USB Hub,CUST-0090,5,52.3,0.0,261.5,150.01,111.49
TXN-00091,2025-03-04,West,Electronics,Monitor,CUST-0108,3,844.53,0.15,2153.55,1315.05,838.5
TXN-00140,2025-03-05,North,Electronics,Keyboard,CUST-0033,5,232.16,0.15,986.68,717.7,268.98
TXN-00390,2025-03-06,East,Office Supplies,Stapler,CUST-0018,2,38.14,0.0,76.28,49.1,27.18
TXN-00194,2025-03-06,North,Electronics,Monitor,CUST-0139,2,633.1,0.0,1266.2,733.93,532.27
TXN-00239,2025-03-07,East,Accessories,USB Hub,CUST-0067,4,178.64,0.1,643.1,402.2,240.9
TXN-00062,2025-03-07,East,Office Supplies,Stapler,CUST-0052,6,51.78,0.1,279.61,186.81,92.8
TXN-00620,2025-03-08,South,Electronics,Monitor,CUST-0103,6,739.36,0.05,4214.35,3168.48,1045.87
TXN-00700,2025-03-08,South,Electronics,Tablet,CUST-0042,5,779.9,0.0,3899.5,2874.78,1024.72
TXN-00593,2025-03-09,East,Accessories,Mouse,CUST-0140,1,132.34,0.05,125.72,79.65,46.07
TXN-00655,2025-03-10,East,Office Supplies,Notebook,CUST-0011,2,54.45,0.15,92.56,64.32,28.24
TXN-00342,2025-03-10,East,Accessories,Headset,CUST-0138,3,126.02,0.05,359.16,233.63,125.53
TXN-00571,2025-03-10,South,Furniture,Office Chair,CUST-0090,7,129.66,0.05,862.24,680.11,182.13
TXN-00331,2025-03-10,South,Accessories,Webcam,CUST-0033,1,69.86,0.05,66.37,40.18,26.19
TXN-00729,2025-03-12,East,Furniture,Desk,CUST-0042,4,260.15,0.1,936.54,596.16,340.38
TXN-00456,2025-03-13,East,Electronics,Keyboard,CUST-0016,4,249.58,0.0,998.32,572.7,425.62
TXN-00402,2025-03-13,East,Furniture,Filing Cabinet,CUST-0085,1,163.93,0.1,147.54,111.93,35.61
TXN-00163,2025-03-14,North,Electronics,Tablet,CUST-0082,1,258.56,0.1,232.7,178.74,53.96
TXN-00568,2025-03-15,East,Electronics,Tablet,CUST-0146,6,403.42,0.05,2299.49,1874.99,424.5
TXN-00631,2025-03-15,East,Electronics,Laptop,CUST-0125,5,352.32,0.05,1673.52,1332.62,340.9
TXN-00624,2025-03-16,South,Furniture,Bookshelf,CUST-0101,1,317.13,0.1,285.42,224.7,60.72
TXN-00023,2025-03-16,North,Accessories,USB Hub,CUST-0128,6,170.12,0.0,1020.72,562.79,457.93
TXN-00507,2025-03-16,South,Electronics,Monitor,CUST-0112,3,865.72,0.15,2207.59,1733.48,474.11
TXN-00485,2025-03-17,East,Electronics,Monitor,CUST-0045,7,431.96,0.05,2872.53,2325.7,546.83
TXN-00372,2025-03-18,South,Furniture,Desk,CUST-0031,3,376.87,0.15,961.02,613.32,347.7
TXN-00546,2025-03-19,West,Office Supplies,Printer Paper,CUST-0117,4,72.61,0.15,246.87,191.91,54.96
TXN-00191,2025-03-21,West,Accessories,Mouse,CUST-0124,4,51.43,0.0,205.72,147.8,57.92
TXN-00516,2025-03-22,East,Electronics,Laptop,CUST-0066,5,842.9,0.0,4214.5,3298.94,915.56
TXN-00368,2025-03-22,South,Furniture,Desk,CUST-0061,4,269.33,0.05,1023.45,754.22,269.23
TXN-00309,2025-03-22,East,Accessories,USB Hub,CUST-0104,2,16.49,0.0,32.98,21.5,11.48
TXN-00731,2025-03-23,North,Furniture,Desk,CUST-0024,1,446.79,0.1,402.11,314.39,87.72
TXN-00711,2025-03-23,North,Office Supplies,Pen Set,CUST-0113,3,27.33,0.1,73.79,49.04,24.75
TXN-00606,2025-03-23,East,Electronics,Keyboard,CUST-0119,6,601.23,0.15,3066.27,1774.79,1291.48
TXN-00714,2025-03-24,South,Electronics,Tablet,CUST-0103,1,788.77,0.0,788.77,592.96,195.81
TXN-00222,2025-03-25,South,Furniture,Bookshelf,CUST-0148,1,212.38,0.1,191.14,106.25,84.89
TXN-00617,2025-03-25,North,Furniture,Office Chair,CUST-0014,6,246.57,0.15,1257.51,886.1,371.41
TXN-00551,2025-03-26,South,Electronics,Keyboard,CUST-0011,2,703.89,0.15,1196.61,764.23,432.38
TXN-00699,2025-03-26,North,Office Supplies,Notebook,CUST-0071,2,46.16,0.1,83.09,65.71,17.38
TXN-00579,2025-03-26,South,Electronics,Laptop,CUST-0063,1,213.88,0.15,181.8,121.02,60.78
TXN-00675,2025-03-27,North,Accessories,USB Hub,CUST-0115,4,25.18,0.15,85.61,56.5,29.11
TXN-00224,2025-03-28,South,Electronics,Keyboard,CUST-0117,1,514.03,0.0,514.03,285.77,228.26
TXN-00653,2025-03-28,North,Electronics,Laptop,CUST-0127,5,787.81,0.15,3348.19,2652.88,695.31
TXN-00472,2025-03-28,South,Electronics,Monitor,CUST-0033,6,614.4,0.05,3502.08,2811.13,690.95
TXN-00467,2025-03-28,North,Furniture,Bookshelf,CUST-0052,6,163.01,0.15,831.35,587.82,243.53
TXN-00170,2025-03-31,North,Furniture,Bookshelf,CUST-0042,7,156.2,0.15,929.39,710.26,219.13
TXN-00673,2025-03-31,East,Office Supplies,Pen Set,CUST-0137,2,64.39,0.05,122.34,68.19,54.15
TXN-00735,2025-04-01,North,Furniture,Desk,CUST-0137,6,470.57,0.15,2399.91,1539.77,860.14
TXN-00373,2025-04-01,West,Electronics,Monitor,CUST-0149,3,898.29,0.0,2694.87,2181.53,513.34
TXN-00275,2025-04-02,East,Office Supplies,Stapler,CUST-0081,7,22.43,0.15,133.46,73.52,59.94
TXN-00607,2025-04-02,North,Office Supplies,Notebook,CUST-0047,4,16.09,0.15,54.71,36.66,18.05
TXN-00142,2025-04-02,West,Electronics,Monitor,CUST-0150,2,415.05,0.0,830.1,641.35,188.75
TXN-00680,2025-04-03,South,Accessories,Webcam,CUST-0100,2,161.64,0.0,323.28,212.8,110.48
TXN-00719,2025-04-03,West,Electronics,Monitor,CUST-0149,5,607.43,0.15,2581.58,1668.15,913.43
TXN-00713,2025-04-04,East,Electronics,Tablet,CUST-0023,2,785.6,0.15,1335.52,1064.53,270.99
TXN-00484,2025-04-04,North,Electronics,Laptop,CUST-0063,1,216.7,0.0,216.7,146.98,69.72
TXN-00723,2025-04-04,East,Accessories,Webcam,CUST-0084,6,88.65,0.0,531.9,378.19,153.71
TXN-00475,2025-04-05,South,Office Supplies,Pen Set,CUST-0025,3,65.58,0.15,167.23,134.21,33.02
TXN-00444,2025-04-05,North,Electronics,Tablet,CUST-0108,4,320.41,0.05,1217.56,954.2,263.36
TXN-00371,2025-04-06,East,Office Supplies,Notebook,CUST-0104,4,31.26,0.1,112.54,77.52,35.02
TXN-00389,2025-04-06,South,Electronics,Keyboard,CUST-0145,6,742.0,0.15,3784.2,2579.75,1204.45
TXN-00428,2025-04-06,West,Office Supplies,Pen Set,CUST-0150,1,56.32,0.05,53.5,31.34,22.16
TXN-00518,2025-04-07,North,Accessories,USB Hub,CUST-0070,4,132.32,0.05,502.82,291.57,211.25
TXN-00227,2025-04-08,West,Accessories,Webcam,CUST-0063,5,33.47,0.1,150.62,101.52,49.1
TXN-00114,2025-04-08,East,Electronics,Tablet,CUST-0141,2,701.83,0.0,1403.66,1022.77,380.89
TXN-00021,2025-04-09,East,Accessories,USB Hub,CUST-0037,2,179.38,0.05,340.82,270.01,70.81
TXN-00271,2025-04-09,West,Furniture,Filing Cabinet,CUST-0101,6,340.68,0.15,1737.47,1355.56,381.91
TXN-00457,2025-04-09,West,Furniture,Bookshelf,CUST-0029,1,280.11,0.15,238.09,174.8,63.29
TXN-00432,2025-04-09,East,Office Supplies,Notebook,CUST-0042,5,27.05,0.05,128.49,102.81,25.68
TXN-00326,2025-04-10,West,Accessories,USB Hub,CUST-0132,4,16.88,0.05,64.14,45.94,18.2
TXN-00640,2025-04-10,West,Accessories,Headset,CUST-0098,4,136.45,0.15,463.93,333.07,130.86
TXN-00677,2025-04-10,West,Electronics,Monitor,CUST-0070,2,700.6,0.05,1331.14,740.03,591.11
TXN-00676,2025-04-11,North,Furniture,Desk,CUST-0067,1,197.32,0.05,187.45,129.77,57.68
TXN-00459,2025-04-12,East,Electronics,Tablet,CUST-0042,5,665.07,0.0,3325.35,2592.07,733.28
TXN-00141,2025-04-12,North,Accessories,Webcam,CUST-0086,6,109.2,0.1,589.68,403.75,185.93
TXN-00001,2025-04-13,West,Electronics,Tablet,CUST-0100,3,741.38,0.1,2001.73,1569.09,432.64
TXN-00143,2025-04-13,South,Furniture,Bookshelf,CUST-0061,2,416.25,0.0,832.5,671.76,160.74
TXN-00088,2025-04-14,West,Office Supplies,Pen Set,CUST-0031,4,74.42,0.05,282.8,214.43,68.37
TXN-00083,2025-04-14,East,Office Supplies,Stapler,CUST-0033,6,32.11,0.1,173.39,136.5,36.89
TXN-00707,2025-04-14,North,Office Supplies,Stapler,CUST-0135,6,14.82,0.1,80.03,63.61,16.42
TXN-00736,2025-04-15,West,Furniture,Desk,CUST-0016,4,85.28,0.1,307.01,187.98,119.03
TXN-00150,2025-04-15,West,Furniture,Office Chair,CUST-0125,2,446.84,0.05,849.0,694.38,154.62
TXN-00391,2025-04-16,East,Office Supplies,Stapler,CUST-0077,7,72.05,0.1,453.92,313.72,140.2
TXN-00521,2025-04-16,East,Accessories,Headset,CUST-0078,6,157.38,0.0,944.28,699.45,244.83
TXN-00600,2025-04-17,East,Office Supplies,Stapler,CUST-0012,4,57.89,0.0,231.56,133.89,97.67
TXN-00415,2025-04-18,West,Office Supplies,Printer Paper,CUST-0103,5,75.56,0.05,358.91,274.3,84.61
TXN-00353,2025-04-18,South,Furniture,Desk,CUST-0115,6,88.03,0.05,501.77,292.43,209.34
TXN-00454,2025-04-19,East,Accessories,Webcam,CUST-0032,3,68.25,0.15,174.04,107.68,66.36
TXN-00293,2025-04-19,East,Electronics,Laptop,CUST-0149,2,464.21,0.05,882.0,638.66,243.34
TXN-00627,2025-04-19,West,Electronics,Laptop,CUST-0066,4,300.13,0.0,1200.52,778.89,421.63
TXN-00530,2025-04-19,East,Accessories,Webcam,CUST-0078,1,98.84,0.05,93.9,61.32,32.58
TXN-00316,2025-04-19,North,Accessories,Mouse,CUST-0129,3,75.12,0.05,214.09,172.13,41.96
TXN-00499,2025-04-19,South,Electronics,Tablet,CUST-0042,1,813.42,0.0,813.42,447.59,365.83
TXN-00315,2025-04-19,West,Office Supplies,Stapler,CUST-0116,7,38.2,0.05,254.03,200.68,53.35
TXN-00252,2025-04-19,North,Office Supplies,Pen Set,CUST-0113,6,22.9,0.05,130.53,101.89,28.64
TXN-00296,2025-04-21,South,Electronics,Keyboard,CUST-0084,6,372.01,0.05,2120.46,1554.16,566.3
TXN-00070,2025-04-21,East,Furniture,Bookshelf,CUST-0028,7,444.23,0.15,2643.17,1645.89,997.28
TXN-00380,2025-04-22,North,Office Supplies,Stapler,CUST-0094,3,57.37,0.15,146.29,99.75,46.54
TXN-00458,2025-04-22,East,Electronics,Tablet,CUST-0019,4,272.39,0.0,1089.56,835.81,253.75
TXN-00074,2025-04-22,West,Furniture,Bookshelf,CUST-0036,6,152.82,0.1,825.23,457.94,367.29
TXN-00312,2025-04-23,East,Office Supplies,Printer Paper,CUST-0114,6,35.82,0.05,204.17,148.49,55.68
TXN-00632,2025-04-24,South,Electronics,Tablet,CUST-0075,6,697.96,0.0,4187.76,2411.32,1776.44
TXN-00411,2025-04-26,South,Electronics,Monitor,CUST-0025,5,562.65,0.15,2391.26,1789.02,602.24
TXN-00440,2025-04-26,East,Office Supplies,Notebook,CUST-0022,4,36.58,0.05,139.0,96.53,42.47
TXN-00670,2025-04-26,South,Furniture,Desk,CUST-0053,5,356.74,0.05,1694.52,1173.59,520.93
TXN-00694,2025-04-28,West,Office Supplies,Notebook,CUST-0035,2,37.84,0.0,75.68,47.47,28.21
TXN-00541,2025-04-28,East,Furniture,Desk,CUST-0144,4,434.92,0.05,1652.7,936.88,715.82
TXN-00259,2025-04-28,North,Electronics,Tablet,CUST-0040,4,303.73,0.1,1093.43,759.03,334.4
TXN-00263,2025-04-28,West,Accessories,Mouse,CUST-0148,7,22.39,0.0,156.73,100.84,55.89
TXN-00464,2025-04-28,West,Office Supplies,Pen Set,CUST-0028,1,34.64,0.0,34.64,20.18,14.46
TXN-00708,2025-04-28,North,Electronics,Tablet,CUST-0099,3,209.58,0.0,628.74,506.77,121.97
TXN-00405,2025-04-29,North,Office Supplies,Pen Set,CUST-0105,4,32.46,0.05,123.35,91.69,31.66
TXN-00286,2025-04-29,East,Furniture,Desk,CUST-0093,2,383.12,0.0,766.24,421.46,344.78
TXN-00297,2025-04-29,West,Accessories,Webcam,CUST-0134,1,17.8,0.1,16.02,10.47,5.55
TXN-00359,2025-04-30,West,Electronics,Laptop,CUST-0083,1,809.4,0.1,728.46,489.42,239.04
TXN-00156,2025-04-30,West,Accessories,USB Hub,CUST-0037,7,59.51,0.05,395.74,230.8,164.94
TXN-00123,2025-04-30,North,Office Supplies,Notebook,CUST-0137,1,40.94,0.1,36.85,21.56,15.29
TXN-00570,2025-05-01,East,Furniture,Office Chair,CUST-0116,6,335.45,0.05,1912.06,1528.81,383.25
TXN-00288,2025-05-01,North,Office Supplies,Stapler,CUST-0112,1,64.8,0.0,64.8,43.03,21.77
TXN-00543,2025-05-01,North,Accessories,Webcam,CUST-0044,3,85.47,0.05,243.59,153.68,89.91
TXN-00182,2025-05-01,South,Electronics,Keyboard,CUST-0142,6,365.07,0.15,1861.86,1417.15,444.71
TXN-00049,2025-05-02,South,Electronics,Laptop,CUST-0045,5,347.92,0.0,1739.6,1401.7,337.9
TXN-00144,2025-05-03,South,Electronics,Monitor,CUST-0084,1,217.42,0.05,206.55,148.47,58.08
TXN-00449,2025-05-04,West,Accessories,Headset,CUST-0125,3,147.99,0.0,443.97,313.34,130.63
TXN-00330,2025-05-04,North,Electronics,Keyboard,CUST-0078,6,461.29,0.0,2767.74,2069.8,697.94
TXN-00176,2025-05-05,East,Electronics,Laptop,CUST-0109,3,893.7,0.05,2547.04,2023.6,523.44
TXN-00425,2025-05-05,North,Accessories,Webcam,CUST-0126,6,85.7,0.15,437.07,292.77,144.3
TXN-00533,2025-05-06,West,Electronics,Laptop,CUST-0015,2,876.77,0.15,1490.51,1099.91,390.6
TXN-00562,2025-05-07,North,Office Supplies,Printer Paper,CUST-0141,2,49.88,0.15,84.8,50.32,34.48
TXN-00340,2025-05-07,North,Accessories,Webcam,CUST-0121,7,179.38,0.15,1067.31,763.76,303.55
TXN-00029,2025-05-08,South,Electronics,Monitor,CUST-0127,7,787.83,0.1,4963.33,4056.6,906.73
TXN-00369,2025-05-09,South,Electronics,Keyboard,CUST-0132,4,513.44,0.05,1951.07,1421.81,529.26
TXN-00554,2025-05-09,South,Furniture,Desk,CUST-0038,6,212.72,0.05,1212.5,847.85,364.65
TXN-00178,2025-05-10,West,Electronics,Keyboard,CUST-0003,3,640.92,0.15,1634.35,1042.01,592.34
TXN-00186,2025-05-10,East,Furniture,Desk,CUST-0014,4,471.75,0.0,1887.0,1507.99,379.01
TXN-00153,2025-05-10,East,Furniture,Office Chair,CUST-0045,3,247.6,0.0,742.8,563.66,179.14
TXN-00536,2025-05-10,West,Electronics,Keyboard,CUST-0085,6,764.87,0.05,4359.76,2640.12,1719.64
TXN-00011,2025-05-11,North,Electronics,Monitor,CUST-0063,7,735.1,0.05,4888.42,3268.5,1619.92
TXN-00363,2025-05-12,East,Accessories,USB Hub,CUST-0137,3,50.92,0.05,145.12,112.82,32.3
TXN-00394,2025-05-12,West,Office Supplies,Pen Set,CUST-0131,1,17.48,0.0,17.48,10.93,6.55
TXN-00050,2025-05-12,West,Furniture,Filing Cabinet,CUST-0141,7,238.75,0.1,1504.12,872.42,631.7
TXN-00193,2025-05-13,South,Office Supplies,Printer Paper,CUST-0133,6,26.71,0.05,152.25,91.54,60.71
TXN-00059,2025-05-13,South,Office Supplies,Notebook,CUST-0001,7,69.17,0.05,459.98,278.45,181.53
TXN-00199,2025-05-13,West,Electronics,Keyboard,CUST-0005,2,512.6,0.1,922.68,553.61,369.07
TXN-00745,2025-05-13,West,Office Supplies,Notebook,CUST-0028,4,15.06,0.0,60.24,42.56,17.68
TXN-00128,2025-05-13,East,Electronics,Monitor,CUST-0082,1,201.06,0.05,191.01,151.92,39.09
TXN-00730,2025-05-13,East,Electronics,Monitor,CUST-0022,1,762.02,0.15,647.72,414.31,233.41
TXN-00348,2025-05-13,North,Furniture,Filing Cabinet,CUST-0140,5,382.64,0.15,1626.22,1021.4,604.82
TXN-00645,2025-05-14,South,Furniture,Desk,CUST-0070,2,326.22,0.1,587.2,357.48,229.72
TXN-00725,2025-05-14,North,Furniture,Desk,CUST-0106,6,327.87,0.15,1672.14,970.8,701.34
TXN-00236,2025-05-14,East,Accessories,USB Hub,CUST-0076,1,74.04,0.05,70.34,54.25,16.09
TXN-00025,2025-05-15,East,Electronics,Keyboard,CUST-0109,1,570.63,0.05,542.1,440.57,101.53
TXN-00208,2025-05-16,South,Furniture,Filing Cabinet,CUST-0010,1,450.21,0.15,382.68,293.14,89.54
TXN-00181,2025-05-16,West,Office Supplies,Pen Set,CUST-0065,6,18.97,0.15,96.75,73.29,23.46
TXN-00345,2025-05-17,South,Accessories,Webcam,CUST-0107,5,152.55,0.15,648.34,434.06,214.28
TXN-00483,2025-05-17,West,Accessories,USB Hub,CUST-0024,4,172.86,0.15,587.72,410.5,177.22
TXN-00175,2025-05-18,North,Furniture,Office Chair,CUST-0118,5,139.55,0.05,662.86,436.93,225.93
TXN-00744,2025-05-18,East,Electronics,Monitor,CUST-0001,4,800.55,0.15,2721.87,1789.87,932.0
TXN-00339,2025-05-18,West,Electronics,Laptop,CUST-0085,6,315.75,0.05,1799.78,1350.85,448.93
TXN-00119,2025-05-20,East,Furniture,Office Chair,CUST-0077,5,327.19,0.15,1390.56,940.29,450.27
TXN-00552,2025-05-20,North,Furniture,Filing Cabinet,CUST-0106,2,298.11,0.15,506.79,384.7,122.09
TXN-00463,2025-05-20,East,Office Supplies,Notebook,CUST-0116,5,12.1,0.05,57.47,36.31,21.16
TXN-00356,2025-05-21,South,Electronics,Monitor,CUST-0088,5,563.4,0.0,2817.0,1883.32,933.68
TXN-00332,2025-05-21,West,Furniture,Bookshelf,CUST-0082,7,408.02,0.15,2427.72,1517.37,910.35
TXN-00439,2025-05-21,East,Furniture,Desk,CUST-0070,5,221.67,0.1,997.52,659.41,338.11
TXN-00408,2025-05-22,North,Electronics,Tablet,CUST-0010,2,316.36,0.15,537.81,405.26,132.55
TXN-00032,2025-05-23,West,Furniture,Desk,CUST-0086,7,217.82,0.05,1448.5,1027.75,420.75
TXN-00223,2025-05-23,West,Office Supplies,Notebook,CUST-0131,2,52.96,0.0,105.92,65.59,40.33
TXN-00301,2025-05-23,West,Accessories,Headset,CUST-0045,1,162.85,0.0,162.85,123.92,38.93
TXN-00282,2025-05-24,South,Accessories,Headset,CUST-0120,2,157.46,0.1,283.43,217.37,66.06
TXN-00446,2025-05-24,South,Accessories,Headset,CUST-0077,6,91.57,0.05,521.95,319.96,201.99
TXN-00565,2025-05-24,South,Electronics,Tablet,CUST-0097,4,783.8,0.05,2978.44,2294.88,683.56
TXN-00035,2025-05-25,West,Office Supplies,Stapler,CUST-0129,4,21.27,0.1,76.57,56.5,20.07
TXN-00048,2025-05-26,East,Accessories,Mouse,CUST-0027,2,85.31,0.15,145.03,82.62,62.41
TXN-00027,2025-05-27,West,Office Supplies,Pen Set,CUST-0037,1,41.84,0.05,39.75,25.84,13.91
TXN-00136,2025-05-27,North,Electronics,Tablet,CUST-0024,3,474.72,0.15,1210.54,949.54,261.0
TXN-00528,2025-05-27,South,Furniture,Desk,CUST-0058,5,428.52,0.0,2142.6,1268.55,874.05
TXN-00249,2025-05-27,South,Accessories,Mouse,CUST-0092,6,130.93,0.15,667.74,489.21,178.53
TXN-00255,2025-05-27,East,Electronics,Tablet,CUST-0012,6,298.95,0.0,1793.7,1332.34,461.36
TXN-00580,2025-05-27,West,Furniture,Office Chair,CUST-0095,5,455.19,0.05,2162.15,1335.64,826.51
TXN-00360,2025-05-27,South,Electronics,Laptop,CUST-0136,7,515.74,0.1,3249.16,2033.45,1215.71
TXN-00438,2025-05-28,North,Furniture,Bookshelf,CUST-0034,4,132.74,0.05,504.41,330.8,173.61
TXN-00087,2025-05-28,East,Furniture,Desk,CUST-0111,6,257.91,0.05,1470.09,1041.24,428.85
TXN-00589,2025-05-28,North,Electronics,Laptop,CUST-0112,5,543.24,0.15,2308.77,1589.53,719.24
TXN-00400,2025-05-29,West,Office Supplies,Notebook,CUST-0057,3,44.71,0.1,120.72,86.81,33.91
TXN-00205,2025-05-29,South,Accessories,Headset,CUST-0092,6,104.93,0.1,566.62,352.85,213.77
TXN-00537,2025-05-29,South,Office Supplies,Notebook,CUST-0014,2,19.97,0.05,37.94,22.93,15.01
TXN-00646,2025-05-30,South,Furniture,Desk,CUST-0141,7,347.58,0.15,2068.1,1192.82,875.28
TXN-00047,2025-05-31,West,Electronics,Tablet,CUST-0075,5,850.27,0.1,3826.22,3021.49,804.73
TXN-00413,2025-05-31,West,Office Supplies,Pen Set,CUST-0055,2,13.96,0.15,23.73,13.72,10.01
TXN-00376,2025-06-02,West,Accessories,Webcam,CUST-0149,7,102.07,0.1,643.04,435.15,207.89
TXN-00502,2025-06-02,North,Furniture,Bookshelf,CUST-0069,4,291.87,0.05,1109.11,703.82,405.29
TXN-00461,2025-06-03,South,Office Supplies,Stapler,CUST-0065,6,36.74,0.0,220.44,157.76,62.68
TXN-00531,2025-06-03,East,Office Supplies,Stapler,CUST-0082,7,46.24,0.05,307.5,221.05,86.45
TXN-00173,2025-06-03,East,Electronics,Keyboard,CUST-0069,2,707.01,0.1,1272.62,914.3,358.32
TXN-00103,2025-06-03,South,Electronics,Laptop,CUST-0034,2,376.06,0.15,639.3,437.59,201.71
TXN-00287,2025-06-03,South,Accessories,Headset,CUST-0139,6,71.16,0.15,362.92,272.21,90.71
TXN-00335,2025-06-03,East,Office Supplies,Stapler,CUST-0111,3,29.4,0.15,74.97,50.5,24.47
TXN-00030,2025-06-04,South,Furniture,Desk,CUST-0099,1,137.38,0.05,130.51,100.3,30.21
TXN-00582,2025-06-05,North,Accessories,Mouse,CUST-0021,2,131.99,0.0,263.98,149.11,114.87
TXN-00160,2025-06-06,West,Furniture,Office Chair,CUST-0145,7,370.9,0.05,2466.48,1368.23,1098.25
TXN-00538,2025-06-06,East,Accessories,Headset,CUST-0019,3,23.18,0.1,62.59,42.86,19.73
TXN-00471,2025-06-07,South,Office Supplies,Printer Paper,CUST-0090,4,30.1,0.0,120.4,70.26,50.14
TXN-00118,2025-06-07,South,Accessories,Headset,CUST-0088,6,22.44,0.1,121.18,79.22,41.96
TXN-00185,2025-06-07,West,Furniture,Desk,CUST-0091,6,411.81,0.0,2470.86,1374.25,1096.61
TXN-00189,2025-06-09,North,Office Supplies,Printer Paper,CUST-0126,2,12.42,0.05,23.6,14.33,9.27
TXN-00013,2025-06-09,East,Office Supplies,Stapler,CUST-0044,6,29.29,0.15,149.38,114.57,34.81
TXN-00022,2025-06-09,East,Office Supplies,Notebook,CUST-0116,1,72.59,0.15,61.7,48.72,12.98
TXN-00066,2025-06-09,South,Electronics,Monitor,CUST-0133,3,209.43,0.0,628.29,438.64,189.65
TXN-00644,2025-06-10,East,Office Supplies,Notebook,CUST-0130,3,73.64,0.0,220.92,150.15,70.77
TXN-00216,2025-06-10,North,Furniture,Filing Cabinet,CUST-0090,4,129.7,0.1,466.92,350.09,116.83
TXN-00468,2025-06-10,North,Accessories,Mouse,CUST-0035,4,24.66,0.0,98.64,55.37,43.27
TXN-00741,2025-06-11,East,Electronics,Keyboard,CUST-0014,5,381.93,0.0,1909.65,1330.81,578.84
TXN-00322,2025-06-11,East,Furniture,Office Chair,CUST-0123,1,97.82,0.15,83.15,59.92,23.23
TXN-00269,2025-06-11,North,Furniture,Office Chair,CUST-0127,3,229.6,0.05,654.36,370.08,284.28
TXN-00595,2025-06-11,South,Furniture,Desk,CUST-0003,5,168.61,0.05,800.9,530.75,270.15
TXN-00354,2025-06-11,North,Furniture,Filing Cabinet,CUST-0072,3,104.25,0.1,281.48,211.77,69.71
TXN-00221,2025-06-12,East,Accessories,Headset,CUST-0107,2,143.16,0.15,243.37,144.13,99.24
TXN-00500,2025-06-13,West,Electronics,Keyboard,CUST-0103,5,352.13,0.15,1496.55,1199.57,296.98
TXN-00272,2025-06-13,South,Office Supplies,Stapler,CUST-0005,3,46.4,0.0,139.2,104.59,34.61
TXN-00742,2025-06-13,West,Electronics,Tablet,CUST-0104,2,386.81,0.15,657.58,437.98,219.6
TXN-00672,2025-06-14,East,Electronics,Monitor,CUST-0059,3,235.79,0.05,672.0,389.92,282.08
TXN-00576,2025-06-14,North,Office Supplies,Notebook,CUST-0052,2,52.28,0.15,88.88,56.03,32.85
TXN-00604,2025-06-15,South,Accessories,Headset,CUST-0114,4,110.26,0.15,374.88,233.06,141.82
TXN-00592,2025-06-16,West,Accessories,Mouse,CUST-0055,4,60.12,0.15,204.41,125.14,79.27
TXN-00319,2025-06-17,East,Office Supplies,Printer Paper,CUST-0141,5,8.11,0.15,34.47,21.84,12.63
TXN-00654,2025-06-17,South,Accessories,Webcam,CUST-0011,4,174.75,0.0,699.0,439.02,259.98
TXN-00306,2025-06-18,West,Accessories,Webcam,CUST-0018,4,108.97,0.1,392.29,264.37,127.92
TXN-00550,2025-06-18,South,Furniture,Office Chair,CUST-0106,1,420.86,0.05,399.82,237.85,161.97
TXN-00358,2025-06-20,North,Office Supplies,Notebook,CUST-0073,3,57.58,0.0,172.74,129.12,43.62
TXN-00207,2025-06-20,North,Electronics,Laptop,CUST-0111,3,394.23,0.1,1064.42,837.51,226.91
TXN-00638,2025-06-20,East,Electronics,Monitor,CUST-0126,5,540.02,0.1,2430.09,1647.9,782.19
TXN-00637,2025-06-21,West,Office Supplies,Pen Set,CUST-0056,7,68.69,0.15,408.71,292.23,116.48
TXN-00451,2025-06-22,West,Furniture,Desk,CUST-0038,7,458.11,0.15,2725.75,1951.39,774.36
TXN-00466,2025-06-22,East,Furniture,Filing Cabinet,CUST-0064,1,242.66,0.15,206.26,135.55,70.71
TXN-00650,2025-06-22,West,Accessories,USB Hub,CUST-0060,3,154.53,0.15,394.05,246.65,147.4
TXN-00426,2025-06-22,East,Electronics,Monitor,CUST-0146,6,859.09,0.05,4896.81,3025.33,1871.48
TXN-00147,2025-06-22,West,Electronics,Tablet,CUST-0056,5,654.27,0.05,3107.78,1988.12,1119.66
TXN-00204,2025-06-23,North,Accessories,Mouse,CUST-0141,3,57.64,0.1,155.63,96.2,59.43
TXN-00479,2025-06-24,West,Office Supplies,Notebook,CUST-0071,3,48.75,0.15,124.31,77.03,47.28
TXN-00174,2025-06-24,North,Office Supplies,Pen Set,CUST-0011,2,20.85,0.1,37.53,26.79,10.74
TXN-00625,2025-06-25,East,Furniture,Office Chair,CUST-0056,7,486.7,0.15,2895.86,1999.99,895.87
TXN-00226,2025-06-26,North,Furniture,Desk,CUST-0074,6,283.57,0.15,1446.21,879.79,566.42
TXN-00492,2025-06-26,East,Accessories,Mouse,CUST-0075,6,62.55,0.05,356.54,236.1,120.44
TXN-00055,2025-06-27,West,Accessories,Mouse,CUST-0141,1,61.16,0.0,61.16,47.08,14.08
TXN-00082,2025-06-28,North,Furniture,Office Chair,CUST-0104,7,322.54,0.05,2144.89,1494.47,650.42
TXN-00041,2025-06-28,East,Electronics,Keyboard,CUST-0130,3,770.71,0.15,1965.31,1134.4,830.91
TXN-00158,2025-06-30,South,Accessories,Webcam,CUST-0038,3,110.72,0.15,282.34,194.59,87.75
TXN-00378,2025-07-01,South,Accessories,Webcam,CUST-0150,3,130.03,0.0,390.09,221.9,168.19
TXN-00609,2025-07-01,North,Furniture,Bookshelf,CUST-0021,7,190.69,0.0,1334.83,1093.91,240.92
TXN-00215,2025-07-02,North,Office Supplies,Notebook,CUST-0045,2,65.7,0.0,131.4,105.37,26.03
TXN-00504,2025-07-02,South,Electronics,Tablet,CUST-0072,6,641.93,0.05,3659.0,2120.15,1538.85
TXN-00203,2025-07-02,North,Electronics,Keyboard,CUST-0032,3,576.07,0.15,1468.98,856.13,612.85
TXN-00274,2025-07-02,South,Accessories,Headset,CUST-0082,3,99.36,0.0,298.08,193.1,104.98
TXN-00278,2025-07-03,South,Electronics,Monitor,CUST-0065,7,893.19,0.05,5939.71,3289.8,2649.91
TXN-00273,2025-07-03,West,Electronics,Monitor,CUST-0070,2,859.71,0.15,1461.51,1101.61,359.9
TXN-00476,2025-07-04,North,Office Supplies,Stapler,CUST-0150,7,23.88,0.0,167.16,92.89,74.27
TXN-00733,2025-07-05,South,Office Supplies,Printer Paper,CUST-0094,4,65.52,0.15,222.77,163.25,59.52
TXN-00213,2025-07-05,East,Accessories,USB Hub,CUST-0110,6,18.78,0.1,101.41,69.42,31.99
TXN-00211,2025-07-05,West,Office Supplies,Notebook,CUST-0103,4,50.7,0.0,202.8,111.64,91.16
TXN-00017,2025-07-06,North,Furniture,Desk,CUST-0068,4,197.03,0.05,748.71,519.12,229.59
TXN-00527,2025-07-06,East,Office Supplies,Pen Set,CUST-0096,5,35.15,0.05,166.96,111.91,55.05
TXN-00130,2025-07-07,West,Accessories,Mouse,CUST-0060,3,86.32,0.05,246.01,158.01,88.0
TXN-00146,2025-07-07,South,Furniture,Bookshelf,CUST-0100,2,183.78,0.05,349.18,223.07,126.11
TXN-00612,2025-07-07,South,Electronics,Tablet,CUST-0133,2,378.12,0.15,642.8,416.03,226.77
TXN-00281,2025-07-07,North,Electronics,Keyboard,CUST-0124,2,184.38,0.0,368.76,252.66,116.1
TXN-00520,2025-07-08,South,Electronics,Tablet,CUST-0146,2,803.55,0.1,1446.39,1111.09,335.3
TXN-00442,2025-07-08,East,Office Supplies,Stapler,CUST-0144,5,40.14,0.15,170.6,119.82,50.78
TXN-00682,2025-07-09,East,Accessories,Webcam,CUST-0067,6,73.56,0.0,441.36,311.69,129.67
TXN-00253,2025-07-09,West,Office Supplies,Pen Set,CUST-0126,4,39.57,0.05,150.37,94.62,55.75
TXN-00195,2025-07-10,North,Accessories,USB Hub,CUST-0042,7,55.17,0.05,366.88,248.94,117.94
TXN-00674,2025-07-10,West,Accessories,Webcam,CUST-0048,5,48.47,0.05,230.23,171.59,58.64
TXN-00696,2025-07-11,East,Office Supplies,Pen Set,CUST-0098,7,74.3,0.15,442.08,357.14,84.94
TXN-00387,2025-07-11,West,Electronics,Monitor,CUST-0086,4,775.17,0.15,2635.58,1599.37,1036.21
TXN-00548,2025-07-11,East,Furniture,Office Chair,CUST-0149,7,130.02,0.05,864.63,485.23,379.4
TXN-00726,2025-07-12,West,Furniture,Filing Cabinet,CUST-0031,2,371.01,0.1,667.82,514.76,153.06
TXN-00718,2025-07-12,East,Furniture,Desk,CUST-0031,2,220.32,0.15,374.54,232.16,142.38
TXN-00132,2025-07-12,South,Furniture,Filing Cabinet,CUST-0125,3,495.86,0.1,1338.82,783.37,555.45
TXN-00559,2025-07-13,South,Furniture,Filing Cabinet,CUST-0023,1,374.36,0.0,374.36,235.21,139.15
TXN-00280,2025-07-13,East,Accessories,Webcam,CUST-0003,1,19.04,0.1,17.14,11.04,6.1
TXN-00739,2025-07-13,West,Electronics,Monitor,CUST-0111,3,748.78,0.05,2134.02,1565.04,568.98
TXN-00317,2025-07-14,East,Accessories,Webcam,CUST-0116,7,123.02,0.1,775.03,534.17,240.86
TXN-00124,2025-07-14,North,Furniture,Filing Cabinet,CUST-0038,2,355.2,0.15,603.84,373.3,230.54
TXN-00452,2025-07-14,East,Accessories,Mouse,CUST-0140,3,36.08,0.1,97.42,54.01,43.41
TXN-00587,2025-07-15,East,Accessories,Headset,CUST-0023,5,76.21,0.15,323.89,249.6,74.29
TXN-00225,2025-07-15,East,Furniture,Office Chair,CUST-0086,7,308.94,0.15,1838.19,1369.75,468.44
TXN-00043,2025-07-15,South,Electronics,Monitor,CUST-0099,5,854.39,0.15,3631.16,2171.1,1460.06
TXN-00034,2025-07-15,South,Electronics,Keyboard,CUST-0147,4,476.17,0.05,1809.45,1247.44,562.01
TXN-00665,2025-07-15,South,Furniture,Filing Cabinet,CUST-0016,5,406.94,0.0,2034.7,1138.4,896.3
TXN-00634,2025-07-15,East,Furniture,Office Chair,CUST-0137,4,115.26,0.0,461.04,375.24,85.8
TXN-00111,2025-07-17,West,Electronics,Monitor,CUST-0145,1,645.6,0.15,548.76,406.36,142.4
TXN-00584,2025-07-17,East,Electronics,Laptop,CUST-0042,1,834.91,0.1,751.42,528.96,222.46
TXN-00529,2025-07-17,East,Furniture,Desk,CUST-0036,5,479.34,0.1,2157.03,1391.56,765.47
TXN-00324,2025-07-17,North,Office Supplies,Stapler,CUST-0070,2,27.73,0.0,55.46,32.63,22.83
TXN-00668,2025-07-17,North,Furniture,Bookshelf,CUST-0059,7,423.69,0.1,2669.25,1988.92,680.33
TXN-00138,2025-07-18,East,Electronics,Keyboard,CUST-0017,4,203.42,0.0,813.68,447.79,365.89
TXN-00020,2025-07-18,West,Electronics,Laptop,CUST-0042,7,854.45,0.1,5383.04,3747.62,1635.42
TXN-00542,2025-07-19,North,Office Supplies,Pen Set,CUST-0026,6,61.95,0.05,353.12,251.08,102.04
TXN-00268,2025-07-20,North,Electronics,Laptop,CUST-0049,3,872.02,0.15,2223.65,1811.45,412.2
TXN-00019,2025-07-20,West,Office Supplies,Printer Paper,CUST-0096,5,23.86,0.1,107.37,65.62,41.75
TXN-00212,2025-07-21,South,Furniture,Filing Cabinet,CUST-0080,4,119.06,0.05,452.43,337.2,115.23
TXN-00071,2025-07-21,East,Electronics,Laptop,CUST-0067,7,244.23,0.0,1709.61,1253.76,455.85
TXN-00018,2025-07-22,West,Office Supplies,Notebook,CUST-0097,7,78.81,0.1,496.5,285.18,211.32
TXN-00535,2025-07-22,South,Electronics,Laptop,CUST-0057,3,242.69,0.0,728.07,418.08,309.99
TXN-00076,2025-07-22,West,Furniture,Bookshelf,CUST-0140,5,158.56,0.0,792.8,593.64,199.16
TXN-00724,2025-07-22,North,Electronics,Monitor,CUST-0037,2,366.04,0.1,658.87,517.07,141.8
TXN-00701,2025-07-23,West,Furniture,Desk,CUST-0114,3,265.05,0.1,715.64,547.46,168.18
TXN-00720,2025-07-24,South,Electronics,Tablet,CUST-0144,1,718.21,0.0,718.21,410.12,308.09
TXN-00545,2025-07-24,East,Electronics,Monitor,CUST-0100,4,711.48,0.15,2419.03,1833.22,585.81
TXN-00732,2025-07-24,West,Furniture,Desk,CUST-0081,2,355.28,0.1,639.5,440.99,198.51
TXN-00244,2025-07-25,East,Electronics,Tablet,CUST-0030,4,777.16,0.05,2953.21,1720.15,1233.06
TXN-00436,2025-07-27,West,Accessories,Headset,CUST-0124,5,69.78,0.1,314.01,177.05,136.96
TXN-00392,2025-07-27,North,Office Supplies,Pen Set,CUST-0089,4,16.42,0.15,55.83,35.65,20.18
TXN-00210,2025-07-28,South,Furniture,Office Chair,CUST-0101,2,364.92,0.05,693.35,545.46,147.89
TXN-00588,2025-07-28,North,Office Supplies,Pen Set,CUST-0076,4,32.18,0.1,115.85,74.42,41.43
TXN-00510,2025-07-28,East,Accessories,Mouse,CUST-0095,3,125.72,0.0,377.16,301.35,75.81
TXN-00498,2025-07-28,West,Office Supplies,Stapler,CUST-0004,1,48.65,0.05,46.22,35.61,10.61
TXN-00232,2025-07-29,South,Accessories,USB Hub,CUST-0129,6,164.51,0.05,937.71,558.49,379.22
TXN-00115,2025-07-29,North,Accessories,Mouse,CUST-0141,2,178.41,0.1,321.14,252.47,68.67
TXN-00505,2025-07-29,West,Accessories,USB Hub,CUST-0006,3,156.44,0.05,445.85,278.17,167.68
TXN-00291,2025-07-30,West,Electronics,Monitor,CUST-0105,1,439.24,0.1,395.32,229.27,166.05
TXN-00630,2025-07-30,East,Electronics,Monitor,CUST-0032,4,634.06,0.0,2536.24,1462.28,1073.96
TXN-00409,2025-07-30,East,Accessories,Mouse,CUST-0095,3,50.05,0.0,150.15,92.7,57.45
TXN-00214,2025-07-30,South,Accessories,Mouse,CUST-0094,4,100.35,0.15,341.19,222.06,119.13
TXN-00647,2025-08-01,North,Furniture,Office Chair,CUST-0035,7,149.12,0.1,939.46,753.26,186.2
TXN-00290,2025-08-01,North,Office Supplies,Notebook,CUST-0084,5,76.46,0.05,363.18,226.12,137.06
TXN-00149,2025-08-01,East,Furniture,Office Chair,CUST-0096,4,388.85,0.05,1477.63,1158.61,319.02
TXN-00596,2025-08-02,South,Furniture,Bookshelf,CUST-0088,3,283.09,0.05,806.81,471.12,335.69
TXN-00229,2025-08-02,West,Accessories,Headset,CUST-0131,3,107.07,0.05,305.15,173.2,131.95
TXN-00503,2025-08-02,East,Accessories,Webcam,CUST-0035,6,76.09,0.0,456.54,291.0,165.54
TXN-00477,2025-08-03,North,Furniture,Office Chair,CUST-0010,3,359.94,0.1,971.84,572.02,399.82
TXN-00094,2025-08-03,East,Office Supplies,Pen Set,CUST-0018,3,53.0,0.15,135.15,94.94,40.21
TXN-00506,2025-08-03,South,Electronics,Monitor,CUST-0131,1,218.72,0.05,207.78,131.79,75.99
TXN-00366,2025-08-03,East,Office Supplies,Notebook,CUST-0011,2,53.53,0.05,101.71,67.34,34.37
TXN-00327,2025-08-04,East,Electronics,Tablet,CUST-0013,6,573.43,0.1,3096.52,2106.29,990.23
TXN-00486,2025-08-04,North,Electronics,Tablet,CUST-0033,3,884.32,0.1,2387.66,1488.98,898.68
TXN-00008,2025-08-05,West,Accessories,USB Hub,CUST-0136,5,177.84,0.15,755.82,496.29,259.53
TXN-00613,2025-08-06,North,Electronics,Laptop,CUST-0144,2,695.03,0.1,1251.05,722.71,528.34
TXN-00334,2025-08-07,North,Accessories,Webcam,CUST-0022,3,119.07,0.15,303.63,220.84,82.79
TXN-00526,2025-08-07,North,Electronics,Keyboard,CUST-0017,4,496.85,0.15,1689.29,1355.48,333.81
TXN-00566,2025-08-08,North,Accessories,Mouse,CUST-0106,6,176.2,0.05,1004.34,756.15,248.19
TXN-00687,2025-08-10,South,Electronics,Tablet,CUST-0111,2,505.98,0.05,961.36,623.38,337.98
TXN-00075,2025-08-11,South,Furniture,Filing Cabinet,CUST-0079,4,82.23,0.05,312.47,228.27,84.2
TXN-00698,2025-08-11,West,Office Supplies,Notebook,CUST-0077,4,21.87,0.05,83.11,50.41,32.7
TXN-00416,2025-08-11,South,Electronics,Keyboard,CUST-0111,7,283.9,0.05,1887.93,1153.83,734.1
TXN-00113,2025-08-11,South,Accessories,Webcam,CUST-0045,3,113.38,0.1,306.13,214.71,91.42
TXN-00099,2025-08-11,East,Accessories,Headset,CUST-0082,7,35.26,0.1,222.14,157.15,64.99
TXN-00261,2025-08-11,North,Office Supplies,Pen Set,CUST-0122,1,69.33,0.0,69.33,43.29,26.04
TXN-00102,2025-08-12,North,Furniture,Bookshelf,CUST-0004,1,307.49,0.05,292.12,211.54,80.58
TXN-00298,2025-08-12,North,Electronics,Laptop,CUST-0135,7,552.93,0.1,3483.46,2539.48,943.98
TXN-00508,2025-08-12,South,Office Supplies,Stapler,CUST-0104,1,13.9,0.1,12.51,9.83,2.68
TXN-00393,2025-08-12,South,Accessories,Mouse,CUST-0054,5,110.59,0.05,525.3,412.25,113.05
TXN-00304,2025-08-12,North,Furniture,Office Chair,CUST-0003,6,195.38,0.05,1113.67,666.74,446.93
TXN-00618,2025-08-13,North,Electronics,Laptop,CUST-0133,7,896.24,0.15,5332.63,3769.12,1563.51
TXN-00276,2025-08-13,West,Accessories,Webcam,CUST-0114,7,118.39,0.1,745.86,558.04,187.82
TXN-00121,2025-08-14,North,Furniture,Office Chair,CUST-0099,1,427.01,0.1,384.31,303.08,81.23
TXN-00101,2025-08-14,North,Accessories,Webcam,CUST-0128,4,108.35,0.1,390.06,308.74,81.32
TXN-00120,2025-08-14,North,Office Supplies,Pen Set,CUST-0107,4,54.77,0.0,219.08,127.61,91.47
TXN-00495,2025-08-14,North,Office Supplies,Stapler,CUST-0104,3,26.41,0.0,79.23,49.33,29.9
TXN-00300,2025-08-14,West,Electronics,Tablet,CUST-0075,4,521.14,0.0,2084.56,1445.22,639.34
TXN-00557,2025-08-14,North,Accessories,USB Hub,CUST-0084,6,170.72,0.05,973.1,604.15,368.95
TXN-00666,2025-08-15,South,Accessories,USB Hub,CUST-0134,6,77.26,0.0,463.56,278.04,185.52
TXN-00583,2025-08-15,North,Accessories,Webcam,CUST-0112,1,67.22,0.0,67.22,52.76,14.46
TXN-00299,2025-08-16,East,Office Supplies,Notebook,CUST-0098,3,28.96,0.1,78.19,49.4,28.79
TXN-00321,2025-08-16,East,Accessories,USB Hub,CUST-0032,6,27.95,0.1,150.93,113.73,37.2
TXN-00406,2025-08-16,East,Accessories,Headset,CUST-0048,3,88.06,0.0,264.18,151.65,112.53
TXN-00167,2025-08-16,East,Office Supplies,Pen Set,CUST-0080,7,76.8,0.1,483.84,322.4,161.44
TXN-00473,2025-08-17,West,Furniture,Desk,CUST-0015,3,447.03,0.1,1206.98,706.91,500.07
TXN-00743,2025-08-18,South,Electronics,Laptop,CUST-0061,7,892.28,0.0,6245.96,4445.24,1800.72
TXN-00648,2025-08-18,East,Office Supplies,Printer Paper,CUST-0133,3,50.18,0.1,135.49,85.73,49.76
TXN-00578,2025-08-19,North,Furniture,Desk,CUST-0078,2,493.16,0.15,838.37,678.73,159.64
TXN-00084,2025-08-19,East,Accessories,Mouse,CUST-0010,6,38.62,0.15,196.96,138.63,58.33
TXN-00664,2025-08-19,West,Furniture,Office Chair,CUST-0084,1,384.95,0.15,327.21,222.94,104.27
TXN-00192,2025-08-19,South,Office Supplies,Notebook,CUST-0086,4,33.51,0.05,127.34,98.49,28.85
TXN-00652,2025-08-20,South,Electronics,Tablet,CUST-0038,2,748.86,0.05,1422.83,1127.93,294.9
TXN-00489,2025-08-20,North,Electronics,Laptop,CUST-0146,1,435.15,0.15,369.88,239.17,130.71
TXN-00107,2025-08-20,East,Furniture,Desk,CUST-0081,7,473.47,0.15,2817.15,1960.05,857.1
TXN-00015,2025-08-21,East,Office Supplies,Printer Paper,CUST-0096,3,16.63,0.1,44.9,26.74,18.16
TXN-00254,2025-08-21,North,Accessories,Mouse,CUST-0011,1,98.72,0.0,98.72,55.09,43.63
TXN-00016,2025-08-21,West,Electronics,Monitor,CUST-0081,1,362.82,0.0,362.82,227.45,135.37
TXN-00072,2025-08-21,North,Furniture,Bookshelf,CUST-0101,4,326.47,0.1,1175.29,766.6,408.69
TXN-00067,2025-08-21,West,Furniture,Desk,CUST-0056,2,218.64,0.1,393.55,283.17,110.38
TXN-00635,2025-08-22,West,Electronics,Monitor,CUST-0130,3,252.11,0.05,718.51,413.13,305.38
TXN-00465,2025-08-23,East,Electronics,Monitor,CUST-0093,1,224.67,0.05,213.44,146.17,67.27
TXN-00139,2025-08-24,West,Accessories,Mouse,CUST-0139,6,68.78,0.05,392.05,300.05,92.0
TXN-00704,2025-08-24,East,Accessories,Webcam,CUST-0126,2,171.35,0.15,291.29,221.9,69.39
TXN-00117,2025-08-24,East,Electronics,Monitor,CUST-0120,6,480.79,0.1,2596.27,1755.53,840.74
TXN-00395,2025-08-25,South,Furniture,Filing Cabinet,CUST-0099,6,322.18,0.05,1836.43,1195.75,640.68
TXN-00712,2025-08-25,South,Office Supplies,Printer Paper,CUST-0093,7,17.41,0.0,121.87,71.81,50.06
TXN-00038,2025-08-26,South,Accessories,Mouse,CUST-0023,4,72.14,0.05,274.13,182.88,91.25
TXN-00721,2025-08-26,West,Accessories,USB Hub,CUST-0150,5,170.41,0.1,766.84,602.68,164.16
TXN-00344,2025-08-26,West,Office Supplies,Printer Paper,CUST-0037,2,65.58,0.15,111.49,72.41,39.08
TXN-00352,2025-08-27,North,Office Supplies,Notebook,CUST-0134,6,38.93,0.0,233.58,173.8,59.78
TXN-00423,2025-08-27,South,Accessories,USB Hub,CUST-0031,3,51.31,0.15,130.84,103.03,27.81
TXN-00738,2025-08-27,West,Accessories,Headset,CUST-0088,3,107.92,0.0,323.76,193.62,130.14
TXN-00605,2025-08-27,North,Office Supplies,Printer Paper,CUST-0044,6,43.94,0.1,237.28,139.05,98.23
TXN-00573,2025-08-27,East,Office Supplies,Pen Set,CUST-0143,3,41.62,0.0,124.86,95.57,29.29
TXN-00383,2025-08-27,West,Accessories,Webcam,CUST-0119,5,48.09,0.0,240.45,190.51,49.94
TXN-00256,2025-08-28,North,Electronics,Monitor,CUST-0084,7,866.9,0.05,5764.88,3571.65,2193.23
TXN-00328,2025-08-28,West,Furniture,Bookshelf,CUST-0002,3,135.32,0.15,345.07,248.02,97.05
TXN-00513,2025-08-29,North,Electronics,Monitor,CUST-0038,6,364.06,0.1,1965.92,1548.31,417.61
TXN-00494,2025-08-29,West,Electronics,Keyboard,CUST-0089,5,362.6,0.05,1722.35,1215.67,506.68
TXN-00051,2025-08-30,West,Furniture,Desk,CUST-0113,4,129.36,0.0,517.44,317.77,199.67
TXN-00197,2025-08-30,South,Accessories,USB Hub,CUST-0087,5,89.27,0.0,446.35,319.48,126.87
TXN-00005,2025-08-30,South,Electronics,Monitor,CUST-0081,5,346.24,0.15,1471.52,823.0,648.52
TXN-00258,2025-08-31,East,Electronics,Tablet,CUST-0051,2,661.37,0.05,1256.6,861.5,395.1
TXN-00556,2025-09-01,West,Accessories,USB Hub,CUST-0023,2,25.22,0.05,47.92,32.39,15.53
TXN-00497,2025-09-01,South,Accessories,USB Hub,CUST-0132,4,157.47,0.0,629.88,482.26,147.62
TXN-00586,2025-09-03,East,Office Supplies,Notebook,CUST-0029,7,78.38,0.15,466.36,362.9,103.46
TXN-00512,2025-09-04,West,Office Supplies,Stapler,CUST-0116,6,63.84,0.15,325.58,266.58,59.0
TXN-00429,2025-09-04,East,Electronics,Tablet,CUST-0073,2,198.55,0.0,397.1,251.05,146.05
TXN-00311,2025-09-05,East,Office Supplies,Printer Paper,CUST-0099,3,42.67,0.15,108.81,82.0,26.81
TXN-00338,2025-09-05,South,Accessories,Headset,CUST-0083,6,111.18,0.0,667.08,464.51,202.57
TXN-00063,2025-09-06,South,Electronics,Keyboard,CUST-0145,7,465.51,0.15,2769.78,1866.9,902.88
TXN-00065,2025-09-06,East,Office Supplies,Pen Set,CUST-0093,7,20.96,0.0,146.72,116.22,30.5
TXN-00493,2025-09-06,North,Furniture,Desk,CUST-0146,5,123.96,0.0,619.8,356.19,263.61
TXN-00039,2025-09-07,South,Furniture,Office Chair,CUST-0004,4,237.34,0.0,949.36,660.41,288.95
TXN-00092,2025-09-08,East,Furniture,Filing Cabinet,CUST-0114,1,255.95,0.1,230.36,143.96,86.4
TXN-00560,2025-09-08,South,Accessories,Mouse,CUST-0013,4,165.61,0.0,662.44,393.78,268.66
TXN-00455,2025-09-08,West,Office Supplies,Notebook,CUST-0089,1,35.65,0.0,35.65,23.35,12.3
TXN-00690,2025-09-09,South,Office Supplies,Printer Paper,CUST-0136,2,39.87,0.0,79.74,47.38,32.36
TXN-00553,2025-09-10,South,Accessories,Headset,CUST-0137,2,168.92,0.15,287.16,188.01,99.15
TXN-00042,2025-09-10,East,Furniture,Bookshelf,CUST-0135,7,213.97,0.05,1422.9,882.75,540.15
TXN-00564,2025-09-12,East,Accessories,USB Hub,CUST-0123,5,170.79,0.1,768.56,490.39,278.17
TXN-00396,2025-09-13,East,Accessories,Mouse,CUST-0084,3,126.01,0.0,378.03,233.7,144.33
TXN-00095,2025-09-14,South,Office Supplies,Stapler,CUST-0008,2,36.85,0.1,66.33,38.33,28.0
TXN-00313,2025-09-14,South,Furniture,Office Chair,CUST-0022,4,292.5,0.05,1111.5,898.32,213.18
TXN-00474,2025-09-15,West,Office Supplies,Notebook,CUST-0108,4,72.97,0.0,291.88,231.9,59.98
TXN-00260,2025-09-15,North,Electronics,Monitor,CUST-0127,4,392.43,0.0,1569.72,1205.81,363.91
TXN-00614,2025-09-16,West,Office Supplies,Stapler,CUST-0062,5,13.54,0.05,64.31,44.07,20.24
TXN-00424,2025-09-16,South,Accessories,USB Hub,CUST-0103,7,161.22,0.15,959.26,647.93,311.33
TXN-00728,2025-09-16,East,Office Supplies,Printer Paper,CUST-0050,3,26.94,0.05,76.78,56.44,20.34
TXN-00061,2025-09-16,East,Furniture,Filing Cabinet,CUST-0085,1,315.59,0.15,268.25,182.31,85.94
TXN-00681,2025-09-18,North,Electronics,Monitor,CUST-0092,6,554.54,0.1,2994.52,2218.79,775.73
TXN-00200,2025-09-18,South,Furniture,Filing Cabinet,CUST-0073,2,114.51,0.15,194.67,119.04,75.63
TXN-00086,2025-09-18,North,Office Supplies,Pen Set,CUST-0069,4,51.09,0.05,194.14,119.98,74.16
TXN-00078,2025-09-18,East,Furniture,Filing Cabinet,CUST-0143,2,420.15,0.0,840.3,488.64,351.66
TXN-00251,2025-09-19,South,Electronics,Monitor,CUST-0093,1,208.63,0.05,198.2,161.0,37.2
TXN-00581,2025-09-19,North,Electronics,Tablet,CUST-0025,2,530.93,0.15,902.58,606.77,295.81
TXN-00325,2025-09-19,West,Accessories,Mouse,CUST-0015,3,86.83,0.15,221.42,151.45,69.97
TXN-00184,2025-09-19,East,Furniture,Bookshelf,CUST-0035,7,437.6,0.05,2910.04,2024.6,885.44
TXN-00155,2025-09-21,East,Accessories,Mouse,CUST-0049,1,136.51,0.0,136.51,94.74,41.77
TXN-00689,2025-09-21,North,Furniture,Desk,CUST-0067,1,243.56,0.15,207.03,152.9,54.13
TXN-00616,2025-09-21,South,Furniture,Bookshelf,CUST-0036,2,309.52,0.0,619.04,462.06,156.98
TXN-00246,2025-09-21,South,Electronics,Laptop,CUST-0012,6,425.09,0.05,2423.01,1852.48,570.53
TXN-00245,2025-09-22,West,Electronics,Keyboard,CUST-0068,4,396.91,0.05,1508.26,1073.4,434.86
TXN-00166,2025-09-22,East,Electronics,Monitor,CUST-0044,2,525.01,0.05,997.52,690.47,307.05
TXN-00517,2025-09-22,East,Accessories,Headset,CUST-0127,6,26.15,0.05,149.05,111.06,37.99
TXN-00549,2025-09-24,South,Accessories,Headset,CUST-0034,5,168.48,0.15,716.04,411.75,304.29
TXN-00190,2025-09-24,South,Electronics,Tablet,CUST-0007,7,888.25,0.05,5906.86,3672.03,2234.83
TXN-00377,2025-09-25,South,Accessories,Headset,CUST-0055,1,171.62,0.0,171.62,125.66,45.96
TXN-00105,2025-09-25,North,Electronics,Laptop,CUST-0054,7,592.77,0.05,3941.92,2218.04,1723.88
TXN-00010,2025-09-25,South,Electronics,Keyboard,CUST-0101,7,403.91,0.1,2544.63,1785.15,759.48
TXN-00151,2025-09-25,East,Electronics,Monitor,CUST-0014,5,707.84,0.1,3185.28,2295.91,889.37
TXN-00231,2025-09-25,South,Accessories,USB Hub,CUST-0104,4,146.66,0.1,527.98,318.31,209.67
TXN-00544,2025-09-26,South,Accessories,Headset,CUST-0079,2,23.87,0.05,45.35,36.91,8.44
TXN-00633,2025-09-27,East,Office Supplies,Printer Paper,CUST-0057,6,49.73,0.15,253.62,195.62,58.0
TXN-00243,2025-09-27,South,Furniture,Bookshelf,CUST-0071,6,202.73,0.0,1216.38,944.71,271.67
TXN-00740,2025-09-28,East,Electronics,Laptop,CUST-0105,1,262.21,0.15,222.88,149.64,73.24
TXN-00427,2025-09-28,West,Furniture,Filing Cabinet,CUST-0043,1,320.68,0.1,288.61,223.3,65.31
TXN-00599,2025-09-30,West,Accessories,Mouse,CUST-0022,3,52.26,0.15,133.26,98.24,35.02
TXN-00511,2025-09-30,West,Accessories,USB Hub,CUST-0036,7,26.7,0.1,168.21,123.36,44.85
TXN-00540,2025-09-30,West,Electronics,Keyboard,CUST-0117,1,404.78,0.15,344.06,262.99,81.07
TXN-00045,2025-09-30,North,Furniture,Filing Cabinet,CUST-0009,1,456.12,0.0,456.12,355.19,100.93
TXN-00116,2025-10-01,West,Accessories,Webcam,CUST-0016,3,81.32,0.0,243.96,165.78,78.18
TXN-00679,2025-10-01,West,Accessories,Mouse,CUST-0116,3,166.81,0.05,475.41,295.19,180.22
TXN-00264,2025-10-02,North,Furniture,Filing Cabinet,CUST-0064,2,223.05,0.0,446.1,257.55,188.55
TXN-00750,2025-10-04,South,Electronics,Monitor,CUST-0070,2,716.57,0.1,1289.83,865.72,424.11
TXN-00412,2025-10-04,West,Electronics,Monitor,CUST-0104,5,435.69,0.1,1960.6,1571.46,389.14
TXN-00172,2025-10-04,South,Accessories,Mouse,CUST-0049,2,153.58,0.15,261.09,197.88,63.21
TXN-00037,2025-10-05,North,Office Supplies,Stapler,CUST-0094,4,16.65,0.15,56.61,31.84,24.77
TXN-00164,2025-10-06,East,Electronics,Tablet,CUST-0143,1,266.55,0.15,226.57,161.92,64.65
TXN-00643,2025-10-06,East,Furniture,Filing Cabinet,CUST-0013,4,264.88,0.0,1059.52,656.63,402.89
TXN-00318,2025-10-06,North,Electronics,Tablet,CUST-0138,6,573.62,0.05,3269.63,1846.53,1423.1
TXN-00370,2025-10-06,East,Furniture,Filing Cabinet,CUST-0070,4,394.09,0.0,1576.36,977.48,598.88
TXN-00430,2025-10-06,South,Office Supplies,Notebook,CUST-0112,7,74.02,0.05,492.23,293.44,198.79
TXN-00028,2025-10-07,North,Electronics,Monitor,CUST-0067,5,592.05,0.15,2516.21,1962.16,554.05
TXN-00611,2025-10-08,East,Furniture,Filing Cabinet,CUST-0002,3,120.75,0.05,344.14,194.4,149.74
TXN-00112,2025-10-09,North,Furniture,Desk,CUST-0082,7,372.92,0.05,2479.92,1646.36,833.56
TXN-00357,2025-10-09,North,Office Supplies,Notebook,CUST-0017,5,63.66,0.0,318.3,176.62,141.68
TXN-00235,2025-10-10,North,Electronics,Tablet,CUST-0009,1,201.14,0.1,181.03,108.73,72.3
TXN-00058,2025-10-10,North,Electronics,Laptop,CUST-0095,2,206.51,0.15,351.07,270.14,80.93
TXN-00349,2025-10-10,West,Furniture,Bookshelf,CUST-0055,1,228.59,0.1,205.73,125.15,80.58
TXN-00667,2025-10-10,West,Electronics,Monitor,CUST-0101,1,690.69,0.0,690.69,514.67,176.02
TXN-00046,2025-10-11,South,Office Supplies,Pen Set,CUST-0053,4,40.29,0.0,161.16,112.73,48.43
TXN-00206,2025-10-12,North,Furniture,Desk,CUST-0022,5,118.59,0.1,533.66,414.65,119.01
TXN-00669,2025-10-12,South,Accessories,Mouse,CUST-0032,6,170.72,0.05,973.1,728.25,244.85
TXN-00237,2025-10-13,South,Accessories,Mouse,CUST-0082,4,38.43,0.0,153.72,115.25,38.47
TXN-00734,2025-10-15,South,Accessories,Headset,CUST-0052,3,65.25,0.15,166.39,125.0,41.39
TXN-00692,2025-10-16,West,Electronics,Laptop,CUST-0020,5,595.57,0.0,2977.85,1927.26,1050.59
TXN-00727,2025-10-16,North,Furniture,Office Chair,CUST-0015,2,271.69,0.05,516.21,346.61,169.6
TXN-00684,2025-10-17,South,Office Supplies,Printer Paper,CUST-0025,1,20.01,0.15,17.01,9.78,7.23
TXN-00558,2025-10-18,East,Furniture,Office Chair,CUST-0139,6,227.08,0.0,1362.48,785.97,576.51
TXN-00515,2025-10-18,North,Accessories,Headset,CUST-0094,2,22.6,0.15,38.42,26.45,11.97
TXN-00183,2025-10-19,North,Office Supplies,Printer Paper,CUST-0055,5,75.46,0.1,339.57,262.43,77.14
TXN-00661,2025-10-19,North,Office Supplies,Notebook,CUST-0060,6,65.76,0.15,335.38,238.21,97.17
TXN-00279,2025-10-19,North,Electronics,Laptop,CUST-0035,7,282.85,0.1,1781.96,1405.6,376.36
TXN-00437,2025-10-20,North,Office Supplies,Stapler,CUST-0029,4,23.57,0.0,94.28,71.2,23.08
TXN-00365,2025-10-22,West,Furniture,Filing Cabinet,CUST-0134,1,167.04,0.15,141.98,85.56,56.42
TXN-00501,2025-10-23,West,Office Supplies,Notebook,CUST-0130,7,71.81,0.1,452.4,366.77,85.63
TXN-00407,2025-10-23,North,Office Supplies,Pen Set,CUST-0119,2,14.65,0.15,24.9,15.53,9.37
TXN-00434,2025-10-25,West,Accessories,Mouse,CUST-0111,4,132.06,0.1,475.42,357.94,117.48
TXN-00746,2025-10-25,West,Office Supplies,Notebook,CUST-0030,3,76.97,0.0,230.91,146.73,84.18
TXN-00308,2025-10-26,North,Accessories,Headset,CUST-0039,2,133.52,0.1,240.34,147.24,93.1
TXN-00126,2025-10-28,West,Furniture,Office Chair,CUST-0147,3,226.08,0.0,678.24,507.43,170.81
TXN-00209,2025-10-29,East,Office Supplies,Stapler,CUST-0012,2,47.9,0.05,91.01,70.7,20.31
TXN-00154,2025-10-30,East,Office Supplies,Printer Paper,CUST-0020,3,40.31,0.0,120.93,80.58,40.35
TXN-00168,2025-10-30,North,Accessories,Webcam,CUST-0125,1,94.07,0.1,84.66,48.88,35.78
TXN-00420,2025-10-30,North,Furniture,Filing Cabinet,CUST-0135,6,355.69,0.05,2027.43,1577.57,449.86
TXN-00374,2025-10-31,North,Office Supplies,Printer Paper,CUST-0099,6,58.84,0.1,317.74,246.57,71.17
TXN-00404,2025-11-01,North,Office Supplies,Printer Paper,CUST-0038,7,51.01,0.15,303.51,192.95,110.56
TXN-00033,2025-11-01,West,Furniture,Desk,CUST-0103,7,133.37,0.15,793.55,643.27,150.28
TXN-00575,2025-11-01,West,Office Supplies,Notebook,CUST-0016,4,67.51,0.1,243.04,187.66,55.38
TXN-00031,2025-11-02,North,Accessories,Mouse,CUST-0142,4,122.24,0.15,415.62,273.12,142.5
TXN-00481,2025-11-02,West,Electronics,Laptop,CUST-0025,4,268.76,0.1,967.54,712.59,254.95
TXN-00658,2025-11-03,North,Electronics,Tablet,CUST-0131,4,617.6,0.05,2346.88,1687.98,658.9
TXN-00401,2025-11-04,North,Furniture,Bookshelf,CUST-0136,1,396.57,0.15,337.08,251.34,85.74
TXN-00659,2025-11-05,West,Office Supplies,Notebook,CUST-0109,6,56.19,0.15,286.57,189.95,96.62
TXN-00691,2025-11-06,North,Office Supplies,Pen Set,CUST-0009,2,34.05,0.15,57.88,43.22,14.66
TXN-00419,2025-11-06,North,Office Supplies,Notebook,CUST-0026,1,9.21,0.05,8.75,6.43,2.32
TXN-00662,2025-11-07,West,Office Supplies,Pen Set,CUST-0023,2,15.62,0.0,31.24,18.8,12.44
TXN-00052,2025-11-08,North,Furniture,Office Chair,CUST-0147,6,490.72,0.15,2502.67,1733.05,769.62
TXN-00384,2025-11-09,West,Office Supplies,Stapler,CUST-0042,5,12.83,0.0,64.15,46.88,17.27
TXN-00641,2025-11-09,East,Electronics,Tablet,CUST-0040,4,696.51,0.1,2507.44,1384.93,1122.51
TXN-00284,2025-11-09,North,Furniture,Bookshelf,CUST-0114,1,444.11,0.05,421.9,240.22,181.68
TXN-00693,2025-11-09,East,Furniture,Filing Cabinet,CUST-0011,2,212.47,0.0,424.94,238.03,186.91
TXN-00706,2025-11-10,East,Electronics,Keyboard,CUST-0075,6,373.58,0.1,2017.33,1187.97,829.36
TXN-00238,2025-11-10,East,Electronics,Tablet,CUST-0016,6,711.41,0.0,4268.46,2493.17,1775.29
TXN-00267,2025-11-11,North,Office Supplies,Notebook,CUST-0018,6,34.67,0.1,187.22,147.88,39.34
TXN-00165,2025-11-12,North,Electronics,Laptop,CUST-0074,1,572.89,0.15,486.96,355.68,131.28
TXN-00519,2025-11-14,West,Furniture,Bookshelf,CUST-0039,2,96.36,0.0,192.72,144.45,48.27
TXN-00145,2025-11-14,East,Office Supplies,Stapler,CUST-0041,7,51.02,0.1,321.43,232.64,88.79
TXN-00333,2025-11-15,South,Electronics,Laptop,CUST-0082,2,504.08,0.15,856.94,564.7,292.24
TXN-00187,2025-11-17,South,Accessories,Headset,CUST-0149,6,39.15,0.0,234.9,136.92,97.98
TXN-00417,2025-11-17,North,Office Supplies,Printer Paper,CUST-0017,6,13.5,0.15,68.85,44.61,24.24
TXN-00310,2025-11-18,East,Accessories,USB Hub,CUST-0009,3,162.62,0.0,487.86,283.93,203.93
TXN-00448,2025-11-18,West,Accessories,Mouse,CUST-0065,4,153.93,0.1,554.15,399.25,154.9
TXN-00336,2025-11-18,South,Electronics,Monitor,CUST-0100,6,874.81,0.15,4461.53,3156.8,1304.73
TXN-00649,2025-11-19,East,Electronics,Monitor,CUST-0037,4,739.31,0.0,2957.24,2033.02,924.22
TXN-00248,2025-11-20,East,Electronics,Monitor,CUST-0105,1,198.1,0.05,188.2,142.83,45.37
TXN-00598,2025-11-20,North,Electronics,Keyboard,CUST-0006,6,438.24,0.05,2497.97,1943.7,554.27
TXN-00441,2025-11-20,North,Accessories,Headset,CUST-0085,5,176.25,0.05,837.19,539.98,297.21
TXN-00265,2025-11-21,West,Furniture,Filing Cabinet,CUST-0120,4,315.07,0.05,1197.27,815.47,381.8
TXN-00217,2025-11-21,North,Accessories,Mouse,CUST-0109,2,152.23,0.0,304.46,224.8,79.66
TXN-00717,2025-11-22,East,Electronics,Tablet,CUST-0127,7,694.48,0.0,4861.36,3026.3,1835.06
TXN-00710,2025-11-22,East,Electronics,Monitor,CUST-0067,7,845.75,0.0,5920.25,4419.12,1501.13
TXN-00602,2025-11-23,North,Accessories,Headset,CUST-0041,2,89.13,0.0,178.26,112.97,65.29
TXN-00125,2025-11-24,East,Electronics,Keyboard,CUST-0040,2,563.47,0.0,1126.94,878.82,248.12
TXN-00054,2025-11-26,West,Accessories,USB Hub,CUST-0060,6,46.04,0.05,262.43,171.85,90.58
TXN-00064,2025-11-26,North,Accessories,USB Hub,CUST-0111,5,119.51,0.15,507.92,326.2,181.72
TXN-00622,2025-11-27,West,Furniture,Filing Cabinet,CUST-0016,4,283.1,0.15,962.54,659.5,303.04
TXN-00703,2025-11-28,East,Electronics,Tablet,CUST-0122,1,403.93,0.1,363.54,249.53,114.01
TXN-00180,2025-11-29,North,Office Supplies,Stapler,CUST-0140,1,38.43,0.15,32.67,21.03,11.64
TXN-00697,2025-11-29,East,Office Supplies,Pen Set,CUST-0143,1,41.83,0.15,35.56,27.25,8.31
TXN-00695,2025-11-29,West,Office Supplies,Printer Paper,CUST-0093,3,70.51,0.15,179.8,127.84,51.96
TXN-00152,2025-11-30,South,Office Supplies,Notebook,CUST-0084,5,15.01,0.05,71.3,49.13,22.17
TXN-00362,2025-12-01,West,Accessories,Mouse,CUST-0062,3,135.32,0.15,345.07,196.19,148.88
TXN-00131,2025-12-01,South,Electronics,Laptop,CUST-0145,6,854.8,0.0,5128.8,3888.48,1240.32
TXN-00569,2025-12-02,West,Accessories,Mouse,CUST-0063,7,158.47,0.05,1053.83,790.41,263.42
TXN-00127,2025-12-02,West,Accessories,Mouse,CUST-0007,3,130.08,0.05,370.73,214.5,156.23
TXN-00453,2025-12-03,North,Office Supplies,Printer Paper,CUST-0005,5,14.8,0.1,66.6,45.6,21.0
TXN-00024,2025-12-04,South,Furniture,Bookshelf,CUST-0136,5,379.12,0.15,1611.26,1045.62,565.64
TXN-00343,2025-12-04,South,Office Supplies,Stapler,CUST-0091,4,22.42,0.0,89.68,55.46,34.22
TXN-00257,2025-12-04,South,Furniture,Filing Cabinet,CUST-0076,6,358.32,0.15,1827.43,1375.72,451.71
TXN-00686,2025-12-05,South,Furniture,Bookshelf,CUST-0123,5,433.87,0.1,1952.42,1253.56,698.86
TXN-00081,2025-12-05,East,Furniture,Desk,CUST-0032,6,448.42,0.1,2421.47,1798.48,622.99
TXN-00302,2025-12-05,East,Electronics,Laptop,CUST-0057,4,459.48,0.15,1562.23,1001.52,560.71
TXN-00379,2025-12-05,North,Accessories,Webcam,CUST-0142,4,110.65,0.0,442.6,343.5,99.1
TXN-00561,2025-12-05,North,Office Supplies,Printer Paper,CUST-0002,3,73.25,0.05,208.76,136.07,72.69
TXN-00709,2025-12-06,West,Furniture,Office Chair,CUST-0102,4,189.79,0.15,645.29,498.46,146.83
TXN-00014,2025-12-06,South,Furniture,Bookshelf,CUST-0116,2,229.65,0.1,413.37,275.02,138.35
TXN-00159,2025-12-06,East,Accessories,Headset,CUST-0008,5,41.79,0.0,208.95,120.22,88.73
TXN-00410,2025-12-06,West,Office Supplies,Pen Set,CUST-0084,7,39.68,0.1,249.98,160.58,89.4
TXN-00179,2025-12-08,South,Furniture,Bookshelf,CUST-0036,4,314.27,0.15,1068.52,755.15,313.37
TXN-00320,2025-12-09,South,Furniture,Desk,CUST-0118,6,186.18,0.15,949.52,753.47,196.05
TXN-00488,2025-12-09,West,Furniture,Desk,CUST-0026,4,246.32,0.1,886.75,624.61,262.14
TXN-00656,2025-12-09,North,Furniture,Filing Cabinet,CUST-0093,1,100.8,0.15,85.68,59.66,26.02
TXN-00490,2025-12-09,East,Electronics,Laptop,CUST-0135,1,323.15,0.1,290.83,161.94,128.89
TXN-00678,2025-12-10,South,Office Supplies,Printer Paper,CUST-0065,5,79.99,0.05,379.95,224.96,154.99
TXN-00198,2025-12-10,North,Office Supplies,Notebook,CUST-0017,4,11.0,0.1,39.6,28.83,10.77
TXN-00266,2025-12-10,East,Office Supplies,Stapler,CUST-0006,5,10.23,0.05,48.59,31.91,16.68
TXN-00705,2025-12-12,West,Furniture,Bookshelf,CUST-0137,3,286.14,0.15,729.66,510.2,219.46
TXN-00460,2025-12-12,West,Office Supplies,Printer Paper,CUST-0011,7,14.19,0.1,89.4,72.72,16.68
TXN-00539,2025-12-12,West,Furniture,Office Chair,CUST-0019,2,483.85,0.05,919.32,733.3,186.02
TXN-00202,2025-12-13,West,Furniture,Desk,CUST-0017,5,394.19,0.1,1773.86,996.57,777.29
TXN-00671,2025-12-14,East,Office Supplies,Stapler,CUST-0101,3,44.7,0.15,113.99,80.8,33.19
TXN-00364,2025-12-14,East,Accessories,Headset,CUST-0062,5,85.3,0.05,405.17,308.39,96.78
TXN-00478,2025-12-14,North,Office Supplies,Stapler,CUST-0084,6,76.57,0.15,390.51,303.26,87.25
TXN-00097,2025-12-15,West,Electronics,Laptop,CUST-0067,7,362.8,0.0,2539.6,1945.28,594.32
TXN-00385,2025-12-16,North,Office Supplies,Printer Paper,CUST-0138,3,20.1,0.05,57.28,35.66,21.62
TXN-00068,2025-12-16,East,Office Supplies,Pen Set,CUST-0127,5,14.09,0.15,59.88,36.32,23.56
TXN-00651,2025-12-17,South,Electronics,Tablet,CUST-0115,2,254.62,0.05,483.78,354.93,128.85
TXN-00007,2025-12-17,West,Office Supplies,Pen Set,CUST-0024,6,31.42,0.05,179.09,124.6,54.49
TXN-00012,2025-12-18,East,Electronics,Keyboard,CUST-0013,5,546.17,0.1,2457.76,1486.52,971.24
TXN-00350,2025-12-18,North,Accessories,Headset,CUST-0109,2,67.57,0.0,135.14,88.66,46.48
TXN-00314,2025-12-20,West,Electronics,Laptop,CUST-0147,5,490.59,0.15,2085.01,1573.91,511.1
TXN-00470,2025-12-21,East,Office Supplies,Stapler,CUST-0030,7,75.65,0.1,476.6,326.79,149.81
TXN-00462,2025-12-21,West,Accessories,Webcam,CUST-0102,4,91.92,0.0,367.68,271.76,95.92
TXN-00129,2025-12-22,South,Furniture,Office Chair,CUST-0098,5,161.12,0.0,805.6,580.51,225.09
TXN-00219,2025-12-22,South,Furniture,Filing Cabinet,CUST-0060,6,288.51,0.05,1644.51,929.91,714.6
TXN-00323,2025-12-23,South,Electronics,Laptop,CUST-0123,7,546.4,0.15,3251.08,1946.27,1304.81
TXN-00615,2025-12-24,South,Electronics,Tablet,CUST-0020,1,576.41,0.1,518.77,288.82,229.95
TXN-00594,2025-12-25,South,Furniture,Desk,CUST-0119,7,493.0,0.1,3105.9,2421.0,684.9
TXN-00450,2025-12-25,West,Electronics,Monitor,CUST-0036,6,244.71,0.15,1248.02,737.19,510.83
TXN-00002,2025-12-26,West,Office Supplies,Printer Paper,CUST-0058,5,23.29,0.0,116.45,83.46,32.99
TXN-00447,2025-12-27,South,Furniture,Bookshelf,CUST-0089,5,169.18,0.1,761.31,569.63,191.68
TXN-00148,2025-12-27,East,Office Supplies,Pen Set,CUST-0094,2,38.12,0.1,68.62,46.31,22.31
TXN-00355,2025-12-29,North,Electronics,Tablet,CUST-0098,1,488.84,0.0,488.84,295.74,193.1
TXN-00106,2025-12-29,North,Office Supplies,Notebook,CUST-0039,4,68.27,0.15,232.12,172.73,59.39
TXN-00347,2025-12-29,South,Accessories,USB Hub,CUST-0085,4,123.1,0.0,492.4,393.67,98.73
TXN-00220,2025-12-30,West,Electronics,Tablet,CUST-0135,4,653.01,0.05,2481.44,1389.1,1092.34
TXN-00004,2025-12-30,East,Accessories,USB Hub,CUST-0014,1,25.73,0.15,21.87,17.59,4.28
TXN-00683,2025-12-30,East,Office Supplies,Printer Paper,CUST-0110,2,54.85,0.1,98.73,72.05,26.68
TXN-00567,2025-12-31,West,Furniture,Desk,CUST-0051,3,195.74,0.15,499.14,399.01,100.13
TXN-00108,2025-12-31,East,Furniture,Office Chair,CUST-0042,2,224.64,0.0,449.28,330.61,118.67
